id,time,possibility,possibility_Rank
2301,30,0.11031758366838565,2
2303,30,0.1008741727787884,3
2304,30,0.008514838834623015,12
2305,30,0.27206271320655095,2
2306,30,0.023543218891076443,11
2307,30,0.0800784105568136,5
2308,30,0.3193691932488741,1
2309,30,0.036230028836650094,9
2310,30,0.2933214774422638,1
2311,30,0.08912661792095784,7
2312,30,0.043154034832640915,8
2315,30,0.048890735614444,7
2316,30,0.005847978803368559,14
2317,30,0.010517047667736264,14
2318,30,0.09240347900694443,3
2319,30,0.09429384639291898,2
2320,30,0.010376760929771803,11
2321,30,0.03388319135192956,8
2322,30,0.7699820854642768,1
2323,30,0.030345792822203073,9
2326,30,0.9367006638054167,1
2327,30,0.033256696712494725,3
2328,30,0.06698588856826827,4
2330,30,0.2224317026212126,2
2331,30,0.08666745272924833,5
2332,30,0.053553055818506334,6
2333,30,0.01233382152568899,16
2335,30,0.012885999867738161,4
2336,30,0.49602787020116607,1
2337,30,0.21678648448141646,2
2338,30,0.002988997356300417,7
2339,30,0.6388739435901573,1
2340,30,0.30113445251707577,2
2341,30,0.15708053390285873,2
2342,30,0.04145752552683523,7
2343,30,0.4391298914196009,2
2344,30,0.7824293424750653,1
2345,30,0.013187215891692229,9
2346,30,0.10119513457615652,3
2347,30,0.03329135997404716,12
2348,30,0.03944597636080709,7
2349,30,0.20500204235453823,3
2350,30,0.18914497639455674,2
2351,30,0.044053109943972664,6
2352,30,0.024471535974615072,5
2353,30,0.012076869884714861,5
2354,30,0.12707562965124655,4
2355,30,0.04068239616563308,3
2356,30,0.19891383354466347,2
2357,30,0.4997648763674278,1
2358,30,0.10608385652536366,4
2359,30,0.013125806886745632,8
2360,30,0.007281092233572392,7
2361,30,0.15936969340224505,3
2362,30,0.039256946115969665,5
2363,30,0.06947209777481803,2
2364,30,0.586155074807851,1
2365,30,0.0008011207278862032,4
2366,30,0.1374591282257576,2
2367,30,0.06612015974277333,5
2368,30,0.007733995794308374,6
2369,30,0.020905310610576516,6
2370,30,0.010006786462929095,8
2371,30,0.24411768928472283,1
2372,30,0.008271581833631999,14
2373,30,0.00825607932246364,12
2374,30,0.009186328113796447,15
2375,30,0.031513213021071594,7
2376,30,0.8379791812856763,1
2377,30,0.24584283439899304,2
2378,30,0.37783685045324333,1
2379,30,0.05378733785772794,8
2380,30,0.02001297581461013,6
2381,30,0.03736335499148416,5
2382,30,0.4653640391281044,1
2383,30,0.010505214142109818,9
2384,30,0.010141325620480422,11
2385,30,0.13229288806575962,4
2386,30,0.15088934443290938,2
2387,30,0.12089235197906584,3
2388,30,0.6093607914250854,1
2389,30,0.0315731848416712,11
2390,30,0.051215105992033286,6
2391,30,0.9458458250462737,1
2392,30,0.08984202141751885,4
2393,30,0.00826547425100957,8
2394,30,0.0059962355741021555,8
2395,30,0.014169104193477852,10
2396,30,0.35814230343830966,2
2397,30,0.009865335937204464,4
2398,30,0.1046271198839132,4
2399,30,0.032369345364425546,15
2400,30,0.03889335028206095,6
2401,30,0.052203573310698755,5
2402,30,0.01042713584024244,14
2403,30,0.01922217551130908,13
2404,30,0.20326167453426067,1
2405,30,0.3189831679796146,1
2406,30,0.03301452668740071,7
2407,30,0.008773457223887221,9
2408,30,0.048479594396378216,8
2409,30,0.00729645407265757,5
2410,30,0.5190104915229298,1
2411,30,0.0649409097049556,6
2412,30,0.3422017240104683,2
2413,30,0.1659150486599266,4
2414,30,0.013170006178814237,18
2415,30,0.019712647570099634,9
2416,30,0.9454786490325909,1
2417,30,0.9539351114611824,1
2418,30,0.15271695889115106,3
2419,30,0.026735160555381908,7
2420,30,0.5865186104728635,1
2421,30,0.7938472950654868,1
2422,30,0.03695433253602709,6
2423,30,0.10362124953796689,4
2424,30,0.36916832063876437,2
2425,30,0.061006990976239184,3
2426,30,0.056955110122464916,4
2427,30,0.36956858758704064,1
2428,30,0.026862204841096728,3
2429,30,0.0180489466170982,5
2430,30,0.03203721473996309,3
2431,30,0.13091579259998296,3
2432,30,0.044089795250671936,5
2433,30,0.000869867098902467,6
2434,30,0.040036534137337904,7
2435,30,0.13058132036240344,3
2436,30,0.032378961249325836,9
2437,30,0.45511783088321117,1
2438,30,0.7577951402516989,1
2439,30,0.07963450081308876,6
2440,30,0.026804550429359877,3
2441,30,0.007225330644535023,8
2444,30,0.07682116682700268,3
2445,30,0.020602533467743926,14
2446,30,0.016304237049532877,4
2447,30,0.009329524251793668,11
2448,30,0.34781244404551076,2
2449,30,0.030257165175717186,9
2450,30,0.00880296605131364,9
2451,30,0.35389585633424986,1
2452,30,0.019731099674360687,13
2453,30,0.0063438173603169706,19
2454,30,0.0980167245521882,4
2455,30,0.26735383925306966,2
2456,30,0.2411343969885756,1
2457,30,0.004903451387380573,10
2458,30,0.7482310907310843,1
2459,30,0.051711078411915135,7
2460,30,0.026067309510625258,13
2461,60,0.04094334106706266,8
2462,60,0.36196700919719765,2
2463,60,0.007337575125405957,9
2464,60,0.04451109051871944,3
2465,60,0.9252745221485899,1
2466,60,0.09269105538138447,6
2467,60,0.007128769948844607,13
2468,60,0.058882053098548034,5
2469,60,0.02213952510707235,9
2471,60,0.12041382573900387,2
2472,60,0.059721039884752455,6
2473,60,1.0,1
2474,60,0.12173747068719848,3
2475,60,0.00016444833622267693,9
2476,60,0.09182967350865298,5
2477,60,0.9996214823435385,1
2478,60,1.0,1
2479,60,0.09439678083534354,2
2480,60,0.010155661369080237,16
2481,60,0.994288860600938,1
2482,60,0.03595043654935237,8
2484,60,0.11862950807088994,3
2485,60,0.8805296048107124,1
2486,60,0.30698769756748623,2
2487,60,0.5932999972871185,1
2488,60,0.8856110950378013,1
2489,60,0.038695274404052904,7
2491,60,0.1442084741727317,5
2492,60,9.444089285661153e-05,5
2493,60,0.1887779592626576,2
2494,60,0.9116663805869917,1
2495,60,0.14052575681087595,2
2496,60,0.012246127292118903,10
2497,60,0.008609488713372991,13
2498,60,0.2451354445562119,2
2499,60,0.16340079078054995,3
2500,60,0.6060776425765948,1
2501,60,0.05707035141437779,6
2502,60,0.003553660474593193,6
2503,60,0.012000701575650403,12
2504,60,0.015431664437483108,9
2505,60,0.023437643929738246,8
2506,60,4.1509656186988106e-05,2
2507,60,0.9999999999999999,1
2508,60,0.09695525662475861,4
2509,60,0.033437244946319826,9
2510,60,0.013435558921310632,8
2511,60,0.25231484586536573,2
2512,60,0.9944699756257405,1
2513,60,0.06429207554082318,3
2514,60,0.02260376537916075,2
2515,60,0.49006152391817,2
2516,60,0.2679875852368485,2
2517,60,0.040057578459578295,3
2518,60,0.4875520784017744,1
2519,60,0.08806490946966158,3
2520,60,0.051747074029835055,3
2521,60,0.6150941489507855,1
2522,60,0.11745691314208617,3
2523,60,0.07171324406092408,2
2524,60,0.011765128307130638,13
2525,60,0.08106271379274105,5
2526,60,0.32199924251346707,2
2527,60,0.44878159597584305,2
2528,60,0.00987756198469898,13
2529,60,0.013165275497699606,10
2530,60,0.00960056846907563,7
2531,60,0.03891643536964605,7
2532,60,0.13698296226739726,5
2533,60,0.2917557839752707,2
2534,60,0.5906149854968807,1
2535,60,0.009373696440268874,8
2536,60,0.9268358558416044,1
2537,60,0.0008245100383848431,8
2538,60,0.5652349728853902,1
2539,60,0.013828741191010957,4
2540,60,0.015941810150253137,9
2541,60,0.6967252230739743,1
2542,60,0.8871294950140857,1
2543,60,0.9243103795877727,1
2544,60,1.2487511438638507e-05,2
2545,60,0.14671861750834772,4
2546,60,0.09608467426007329,5
2547,60,0.6847709877015842,1
2548,60,0.12933109214370608,2
2549,60,0.7010956327289707,1
2550,60,0.13345279124632894,4
2551,60,0.07447028404346497,3
2552,60,0.2145754995614881,1
2553,60,0.037240513991893154,4
2554,60,0.13231671267325126,2
2555,60,0.002420528911950734,4
2556,60,0.9999999999999997,1
2557,60,0.001451678819160935,15
2558,60,0.015605137539131756,18
2559,60,0.8323637987192577,1
2560,60,0.26092107763200423,2
2561,60,0.04197454337358584,9
2562,60,0.020773340115105766,10
2563,60,0.7183359990833392,1
2564,60,0.2569346374887537,2
2565,60,0.008170502607606114,8
2566,60,0.727890225795593,1
2567,60,0.9996618997323059,1
2568,60,0.9900000000000007,1
2569,60,0.16135505765399064,2
2570,60,0.18027587166353096,4
2571,60,0.35636255628425656,2
2572,60,0.027667436674942928,4
2573,60,0.021468807123187272,3
2574,60,0.19454835272559703,2
2575,60,0.9970030546453681,1
2576,60,0.22090803213590707,2
2577,60,0.02357905483462761,2
2578,60,0.008780155439685753,24
2579,60,0.30354252408165866,1
2580,60,0.06310565090156002,4
2581,60,0.01593263489721307,11
2582,60,0.07509469667610187,5
2583,60,0.0329361629222774,5
2584,60,0.17025164632840126,3
2585,60,1.0,1
2586,60,0.06516738517384332,5
2587,60,0.11367497067046112,5
2588,60,0.4451520213558197,1
2589,60,0.06932182684795113,5
2590,60,0.010328511026244018,11
2591,60,0.255534324960065,2
2592,60,0.23277496312445728,2
2593,60,0.006231817949834885,6
2594,60,0.5070060736539307,1
2595,60,0.6957149031904787,1
2596,60,0.0037244750792040718,17
2597,60,0.1178186491014932,4
2598,60,0.008055895178433308,10
2599,60,0.043879317869114434,8
2600,60,0.011518363610204006,16
2601,60,0.03027866880543617,2
2602,60,0.01371844764986096,5
2603,60,0.28053427586525703,1
2604,60,0.47626277395819333,1
2605,60,0.009235258641630939,14
2607,60,0.21958914477628286,2
2608,60,0.024950264627600485,10
2609,60,0.046837541785277687,5
2610,60,0.1670486468138146,3
2611,60,0.017120786676487722,15
2612,60,0.019763845338721605,8
2613,60,0.015094876077126161,3
2614,60,0.007031137316302639,6
2615,60,0.008257751946405949,14
2616,90,0.26153492580209536,1
2617,90,0.005697393334236953,7
2618,90,0.29452657533103643,2
2620,90,0.03941169263338912,7
2621,90,0.07279075874215975,4
2622,90,0.07674421056171228,5
2623,90,0.27995599280198846,2
2624,90,0.06250722768017912,6
2625,90,0.02480273963470755,8
2626,90,0.12982367129686292,2
2628,90,0.5781557682835288,1
2629,90,0.08226532392101918,3
2630,90,0.011387860696384554,11
2633,90,0.018308348528042494,2
2634,90,0.026882021799057625,8
2635,90,0.15558883113647853,2
2636,90,0.009554887789904879,3
2637,90,0.03666784629556076,8
2638,90,0.09791507737607971,5
2639,90,0.0807916604014026,4
2640,90,0.19916481134301206,2
2641,90,0.29147133073615644,2
2642,90,0.807522828771752,1
2643,90,0.9833069454305159,1
2644,90,0.01575570350986568,10
2645,90,0.007063397900961363,16
2646,90,0.15611585388843816,3
2647,90,0.5199705142379776,1
2648,90,0.003960878750266427,14
2649,90,0.012911552004473652,7
2650,90,0.017207579398672356,8
2651,90,0.01962004642493754,7
2652,90,0.9873414745353177,1
2653,90,0.24336756295161213,3
2654,90,1.0,1
2655,90,1.0,1
2656,90,0.8334472718306793,1
2658,90,0.5464710673276688,1
2659,90,0.20392045593207775,3
2660,90,0.033333090117517415,7
2661,90,0.7372676006006968,1
2662,90,0.04372572923191987,7
2663,90,0.011005875669712915,10
2664,90,0.004955073779947993,10
2665,90,0.09435110796757062,4
2666,90,0.14450141182877557,4
2667,90,0.34283979189339686,1
2668,90,0.023044569641306935,7
2669,90,0.10959283827734023,5
2670,90,0.46563980491441226,2
2671,90,0.007688470464178495,8
2672,90,0.010944166139840783,10
2673,90,0.011519834147012681,12
2674,90,0.17317503536040096,3
2675,90,0.01972329241001656,13
2676,90,0.02751033816668828,10
2677,90,0.007069137622954114,9
2678,90,1.0,1
2679,90,0.12999999999999998,3
2680,90,0.17,3
2681,90,0.06116391207161053,6
2682,90,0.04944576122622681,4
2683,90,0.04331678918989845,3
2684,90,0.9999999999999999,1
2685,90,0.040099659754798046,4
2686,90,0.2801526562072062,1
2687,90,0.23450425760775773,3
2688,90,0.38982187864440165,2
2689,90,0.07193520092334624,3
2690,90,0.9952083030922849,1
2691,90,0.2700000000000001,2
2692,90,0.025592578112813347,9
2693,90,0.0025377999144872198,4
2694,90,0.02449225560089166,5
2695,90,0.11435576902286256,5
2696,90,0.026606700012815496,8
2697,90,0.9020982633400234,1
2698,90,0.8542728311530653,1
2699,90,0.057934812212151084,5
2700,90,0.6623215356542798,1
2701,90,0.2896529710723013,2
2702,90,0.0016201503062247026,4
2703,90,0.015475709181773233,3
2704,90,0.9915964090270224,1
2705,90,0.00768374055955054,9
2707,90,1.0,1
2708,90,0.010207004100519475,9
2709,90,0.051563014077566624,7
2710,90,0.026417933235044436,4
2711,90,0.43532441844339903,1
2712,90,0.18765326007483432,2
2713,90,0.013377305968223981,12
2714,90,0.01919433755380891,7
2715,90,0.03266433854314368,2
2716,90,0.104891573315029,4
2717,90,0.06904647834508801,4
2718,90,0.01,2
2719,90,0.020155190018854435,6
2720,90,0.9999999999999998,1
2721,90,0.08448273326098593,5
2722,90,0.020231608928270556,8
2723,90,0.9327059853290072,1
2724,90,0.9964788510120373,1
2725,90,0.03295090257861683,8
2726,90,0.24938065885879968,3
2727,90,0.03853328797792821,3
2728,90,0.057027539950058534,5
2729,90,0.006819999317719765,6
2730,90,0.01860869384883332,12
2731,90,0.21998144217214968,2
2732,90,0.07441854343495129,3
2733,90,0.09776737823900289,5
2734,90,0.00913599375626254,4
2735,90,0.1431491326984609,3
2736,90,0.2169224806117558,2
2737,90,0.026011814447156764,7
2738,90,0.017871381031362453,5
2739,90,0.02414210281739189,3
2740,90,0.16786210119089898,4
2742,90,0.9779185113752058,1
2743,90,0.06505033449906653,3
2744,90,0.05874864855567381,3
2745,90,0.004609426856211046,6
2746,90,0.13275971192971253,2
2747,90,0.011443491488996085,6
2748,90,0.9792855450714011,1
2749,90,0.055324657370680624,4
2750,90,0.022096105704917594,7
2751,90,0.16153046739905252,2
2752,90,0.012401546403278438,6
2753,90,0.010790291194249898,6
2754,90,0.8925793038837647,1
2755,90,0.08027755584360752,2
2756,90,0.3563412705214241,2
2757,90,0.40448299607196814,1
2758,90,0.5532787752323804,1
2759,90,0.2845526550008724,2
2760,90,0.544433371735648,1
2761,90,0.0706596233900433,6
2762,90,0.7048876876300086,1
2763,90,0.1898946045317053,2
2764,90,0.43379517487663355,2
2765,90,0.07394998931961475,3
2766,90,0.011438509146488206,5
2767,90,0.05166204781221548,4
2768,90,0.0611966629113526,5
2769,90,0.3491497503010785,2
2770,90,0.31771545598870166,2
2771,90,0.49656520348783884,1
2772,90,0.04514958667089363,2
2773,90,0.014154254136098368,7
2774,120,0.019063009154076473,7
2775,120,0.2250207062104019,3
2777,120,0.17458037879367125,3
2778,120,0.7170859191912782,1
2779,120,0.031958900351472815,6
2780,120,0.0014656526737439044,8
2781,120,0.014578975669983216,9
2782,120,0.41232383883405854,1
2783,120,0.053008823086812235,3
2784,120,0.07868290977992326,2
2785,120,0.03,5
2786,120,0.9727599110226224,1
2787,120,0.007408135026583087,3
2788,120,0.10137260433368263,2
2790,120,0.009111796962894932,2
2791,120,0.043049202591909655,5
2792,120,0.034416421634613524,5
2793,120,0.08028063432022178,4
2794,120,0.08291900347499016,3
2795,120,0.00769990317475591,11
2796,120,0.19178761626672092,3
2797,120,0.17504332890490112,3
2798,120,0.0060115688121741605,11
2799,120,0.18077637410224676,3
2800,120,1.0,1
2801,120,0.01124030479275817,7
2802,120,1.0,1
2803,120,0.00015668585301117287,3
2804,120,0.05176618444527751,2
2805,120,0.08762513897353029,4
2806,120,0.26000000000000006,2
2807,120,0.5817723805906393,1
2808,120,1.0,1
2809,120,0.9977583599874722,1
2810,120,0.2422475313350978,2
2811,120,0.07753837792958751,3
2812,120,0.021669826502743073,14
2813,120,0.4051324379101031,1
2814,120,0.19482915914361165,1
2815,120,0.7908322413456212,1
2816,120,0.060635218038159217,2
2817,120,0.008827860249437276,7
2818,120,2.5060956449329795e-05,4
2819,120,0.057888450917187875,2
2820,120,0.42299229279355,1
2821,120,0.2948881047474676,1
2822,120,0.18065248842034634,2
2823,120,0.015131854563239155,3
2824,120,0.42486639127251746,1
2825,120,0.43330675473438596,1
2826,120,0.07019337764156186,5
2827,120,0.0007494550644906463,6
2828,120,0.03446875861886146,3
2829,120,1.0,1
2830,120,0.887400760283307,1
2831,120,0.9270555622396852,1
2832,120,0.004679110413563928,5
2833,120,0.2726715962001423,2
2834,120,0.22167234995872104,3
2835,120,0.1245423227004384,2
2836,120,0.3300329109628559,3
2837,120,0.24967204638898377,1
2838,120,0.41967227736128165,2
2839,120,0.48085730354844747,1
2840,120,0.9999999999999998,1
2841,120,0.04945018038462626,3
2842,120,0.787596981414849,1
2843,120,0.0002551862180832896,5
2844,120,0.3252417577560299,2
2845,120,0.010700052545500598,19
2846,120,0.046813821190781424,5
2847,120,0.25578709401813926,1
2848,120,0.40108552203580594,1
2849,120,0.4509300824055001,1
2850,120,0.05908365266363577,6
2851,120,0.9878177860401957,1
2852,120,0.22298979222988324,2
2853,120,0.12283755147776146,2
2854,120,0.025754849541308834,3
2855,120,0.2117886406821446,2
2856,120,0.003157700298958732,5
2857,120,0.5129503317702531,1
2858,120,0.8572675456900856,1
2859,120,0.9035837631210633,1
2860,120,0.23339789573265282,2
2861,120,0.3027155398566205,2
2862,120,0.26536046131927454,2
2863,120,0.013277506077762244,8
2864,120,0.02645591789150584,4
2865,120,0.0533635333237656,2
2866,120,0.22726621090076574,2
2867,120,0.00033970872299854876,7
2868,120,1.0,1
2869,120,0.9191706412303933,1
2870,120,0.3284263545000529,2
2871,120,0.2874347537375155,2
2872,120,0.9020031525862183,1
2873,120,0.14982799448182937,3
2874,120,0.0908628602097269,4
2875,120,0.14941865565991333,2
2876,120,0.0832050158627403,3
2877,120,0.010022777621782521,16
2878,120,0.010432522645857685,8
2879,120,0.026896372245033332,7
2880,120,0.09476693723144465,3
2881,120,0.009512760103609096,7
2882,120,0.07182101504738435,6
2883,120,0.008730675554978045,9
2884,120,0.7824046915884275,1
2885,120,0.4423703648648132,2
2886,120,0.19697884255373008,2
2888,120,0.008686470879771396,6
2889,120,0.22021779407809883,3
2890,120,0.009409683428898027,18
2891,120,0.13924228254325807,3
2892,120,0.193195502385939,4
2893,120,0.10259736211445686,4
2894,120,0.008862224246291562,8
2895,120,1.0000000000000002,1
2896,120,0.008049394928142292,13
2897,120,0.050104931622215944,8
2898,120,0.00827736051562235,8
2899,120,0.05031468000667867,5
2900,120,0.03275592424540745,12
2901,120,0.12927472563368853,2
2903,120,0.023362237876233524,2
2904,120,0.39144945761269206,1
2905,120,0.6669048482849871,1
2906,120,0.36000000000000015,1
2907,120,0.03998922614183528,10
2908,120,0.09423736931295665,7
2909,120,0.11673114283323963,5
2910,120,0.9693321344151499,1
2911,120,0.9100382309154882,1
2912,120,0.6413567582715124,1
2913,120,0.42067030171865594,2
2914,120,0.06958186519717188,2
2915,120,1.0,1
2916,120,0.8289280120214746,1
2917,120,0.02419054110344446,5
2918,120,0.03439657487618962,5
2919,120,0.0005954480456162809,10
2920,120,0.9058913620006535,1
2921,120,0.20205292028934382,4
2922,120,0.014854475420073534,8
2923,120,0.0692627169007736,3
2924,120,0.04973834928248483,8
2925,120,0.010008890503067216,3
2926,120,0.027182749686795463,5
2927,120,0.2999941039780282,2
2928,120,0.010291309823117488,11
2929,150,0.06060750083447838,8
2930,150,0.08586447743465113,4
2931,150,0.1422876482885259,4
2933,150,0.42732520966544885,2
2934,150,0.47649284332241426,1
2935,150,0.05013500916174385,8
2936,150,1.0,1
2937,150,0.04990156839475756,5
2938,150,0.018386627503272336,10
2939,150,0.20288076814285466,4
2940,150,0.042474109290294486,2
2941,150,0.9276529688681168,1
2942,150,1.0,1
2943,150,0.11949968478124817,3
2944,150,0.5332121143072976,1
2947,150,0.07163753157490248,7
2948,150,0.005934989236829352,12
2949,150,0.2381625446600742,1
2950,150,0.019896195301080277,8
2951,150,0.009885648078331479,6
2953,150,0.236568282247868,2
2954,150,0.16860956191805476,3
2955,150,0.048071385594741604,6
2956,150,0.010023228843582069,5
2957,150,0.9999999999999999,1
2958,150,0.016390718239569262,4
2959,150,0.1229346342758993,3
2960,150,0.09,4
2961,150,0.04,6
2962,150,0.03144562504058761,4
2963,150,0.01960204915615181,7
2964,150,0.16906479861814233,2
2965,150,0.027623497170318277,3
2966,150,0.0853046777267576,2
2967,150,1.0,1
2968,150,1.0,1
2969,150,0.9999657589436484,1
2970,150,0.7400000000000004,1
2971,150,0.8800000000000006,1
2972,150,0.24956174452503083,1
2973,150,0.08347114913255292,7
2974,150,0.9574240513460358,1
2975,150,0.15465579977542165,2
2976,150,1.0000000000000002,1
2977,150,0.24581182432812862,3
2978,150,0.22986438179719307,2
2979,150,0.4913138950107191,1
2980,150,0.2490054275029625,2
2981,150,0.07,4
2982,150,0.029906197623317313,6
2983,150,0.012836690526306404,11
2984,150,0.04272783988892539,5
2985,150,0.01629651625676935,7
2986,150,0.11358805871191924,3
2987,150,0.49406751247837666,2
2988,150,0.41549237535854433,1
2989,150,0.9645728203528103,1
2990,150,0.14204359897550808,3
2991,150,0.03813178595783989,8
2992,150,0.008619189549796943,6
2993,150,0.07926203437978385,2
2994,150,1.0,1
2995,150,0.45022023044777215,2
2996,150,0.0718875573484955,2
2997,150,0.842125062739474,1
2998,150,0.5322567481277795,1
2999,150,0.4866268093250865,2
3000,150,1.0,1
3001,150,0.02,6
3002,150,0.9999999999999999,1
3003,150,0.06571773433685883,3
3004,150,0.19462529415737825,2
3005,150,0.6063674385102644,1
3006,150,0.16174343724591408,4
3007,150,0.05019112008400883,4
3008,150,0.19061419082585318,3
3009,150,0.28956335587198273,2
3010,150,0.3565085631268681,1
3011,150,0.0034137411903829872,3
3012,150,0.5087456868095824,1
3013,150,0.2818571398331312,2
3014,150,0.40126368158824,1
3015,150,0.7501357449268826,1
3016,150,0.5749130215995688,1
3017,150,0.40695808361486335,2
3018,150,0.9955291523562149,1
3019,150,0.07762717123874702,5
3020,150,0.09618522757062352,3
3021,150,0.9014648649455135,1
3022,150,0.01141217221041042,5
3023,150,0.200011151770904,3
3024,150,0.19950090875978438,1
3025,150,0.21554410517885464,1
3026,150,0.16719372340031338,1
3027,150,0.11203834432218457,4
3028,150,0.012611287621056835,2
3029,150,0.18472616585856605,3
3030,150,0.14490800607138032,3
3031,150,0.5783712001941897,1
3032,150,0.002439872611362643,3
3033,150,0.025481314119260856,6
3034,150,0.02518269080517747,7
3035,150,0.8135876245432443,1
3036,150,0.060000000000000005,3
3037,150,0.0008928970297724325,3
3038,150,0.03496025811168573,3
3039,150,0.8361138262905005,1
3040,150,0.35598193051491256,1
3041,150,1.0,1
3042,150,1.0,1
3043,150,0.9999999999999999,1
3044,150,0.29546911320414,1
3045,150,0.03753743282102209,7
3046,150,0.008859448428158528,15
3047,150,0.12309972848736249,3
3048,150,0.41702064228099117,2
3049,150,1.0,1
3050,150,0.4300000000000002,2
3051,150,0.5118847286272621,1
3052,150,0.15782054927417105,3
3053,150,0.9999999999999999,1
3054,150,0.052833428583650484,4
3055,150,0.06889875407204152,6
3056,150,0.014611156779946507,11
3057,150,0.009694063904189198,7
3058,150,0.1663136137611773,3
3059,150,0.16705450090289542,2
3060,150,0.0906642454910559,4
3061,150,0.3213749669150933,1
3062,150,0.43479903164823663,1
3063,150,0.8545820550659414,1
3064,150,0.2088934600310469,3
3065,150,0.022958379881585285,9
3067,150,0.005366881376214757,6
3068,150,0.9971956529913334,1
3069,150,0.030256888296576488,2
3070,150,0.2649535965387396,2
3071,150,0.25123810795010154,2
3072,150,0.060866638113562625,2
3073,150,0.052238483380336834,8
3074,150,0.06052469873662884,2
3075,150,0.03872701899640391,4
3076,150,0.09468460429667891,5
3077,150,0.06836342294653973,5
3078,150,0.27151145237672913,1
3079,150,0.9948341341771114,1
3080,150,0.5206445969960241,1
3081,150,0.03414614154222427,7
3082,150,0.04716362998555453,4
3083,150,0.07487093450314988,4
3084,150,0.04658852408304853,3
3085,180,0.016618035851145616,3
3086,180,0.010072351312570654,15
3088,180,0.430969209333459,1
3089,180,0.039736109631630205,6
3090,180,0.08062835923781214,4
3091,180,0.029675514472116984,8
3092,180,0.2920324265232181,1
3093,180,0.9999999999999994,1
3094,180,0.04,5
3095,180,1.0,1
3096,180,0.7600000000000005,1
3097,180,1.0,1
3098,180,0.17974257296844423,3
3100,180,0.3975608888908755,2
3101,180,0.006726215873832071,6
3102,180,0.25522022196735655,2
3103,180,0.9152844099600452,1
3104,180,0.36632382875777353,2
3105,180,0.20740691681379914,2
3106,180,0.07668775335380631,5
3107,180,0.10927367206603864,5
3108,180,0.10856727874056007,4
3109,180,0.03517076386643487,2
3110,180,0.2701874413549031,3
3111,180,0.013687132230914325,12
3112,180,1.0,1
3113,180,0.9999999999999998,1
3115,180,0.018559837280428218,4
3116,180,0.15878730706302477,4
3117,180,0.5973893194545898,1
3118,180,0.033599933430687,6
3119,180,0.3034624400648673,2
3120,180,0.9999999999999999,1
3121,180,1.0000000000000002,1
3122,180,0.7600000000000005,1
3123,180,0.23895028258394949,3
3124,180,0.8045041843842428,1
3125,180,0.019721723273670833,5
3126,180,0.9997839966284058,1
3127,180,0.1536539597220537,5
3129,180,0.15011293799821723,3
3130,180,0.2571402651346849,2
3131,180,0.3985843271734797,2
3132,180,0.23443939756399576,2
3133,180,0.7783495877923725,1
3134,180,0.33345145986018243,1
3135,180,0.1376451244528185,4
3136,180,0.01668289742077103,3
3137,180,0.7172564492390746,1
3138,180,1.0,1
3139,180,0.20867799528316722,2
3140,180,0.937002353439461,1
3141,180,0.3615556955436908,2
3142,180,0.44117915041948297,1
3143,180,0.24000000000000007,2
3144,180,0.01439398985339409,11
3145,180,0.07378554532627556,4
3146,180,0.025761484217458386,9
3147,180,0.18526896687825534,3
3148,180,0.09187460225307666,2
3149,180,0.14509086696373594,2
3150,180,0.8304111878292899,1
3151,180,0.3088459917042014,1
3152,180,0.08042576929738002,8
3153,180,1.0,1
3154,180,0.13999999999999999,3
3155,180,0.3497916477958614,2
3156,180,0.05872784217618083,6
3157,180,0.13998625351064026,1
3158,180,0.48777886577451496,2
3159,180,0.8684817605816004,1
3160,180,0.011967187812098688,7
3161,180,1.0,1
3162,180,0.24093911867657097,1
3163,180,0.05031541545115391,2
3164,180,0.17125018051941163,3
3165,180,0.21000000000000005,3
3166,180,0.2487414640522997,3
3167,180,0.9749899644888311,1
3168,180,0.4305326918363428,2
3169,180,0.9992421003681962,1
3170,180,0.08831651351932387,5
3171,180,0.07200410469365619,5
3172,180,0.19087900137146338,2
3173,180,0.055964612255359814,6
3174,180,0.20913651412036213,1
3175,180,0.29311371859734003,1
3176,180,0.12999999999999998,2
3177,180,0.15175410913993786,3
3178,180,0.252828579529966,3
3179,180,0.5259689752934287,1
3180,180,0.5892619696178991,1
3181,180,0.559622524772293,1
3182,180,0.027582539324593112,4
3183,180,0.16078308770393918,2
3184,180,0.9823832862395935,1
3185,180,0.04752512289922324,4
3186,180,0.02,5
3187,180,0.34392811567417625,2
3188,180,0.8722268248273366,1
3189,180,0.4447963642714186,1
3190,180,0.024940117890490856,3
3191,180,0.06926974903016808,3
3192,180,0.08,3
3193,180,0.08,3
3194,180,0.7316277860856635,1
3195,180,0.7400000000000004,1
3196,180,1.0000000000000002,1
3197,180,0.34583122980713576,2
3198,180,0.12999999999999998,2
3199,180,0.021654974529895808,5
3200,180,0.16713329355897583,2
3201,180,0.12145812922787308,4
3202,180,0.10713659541575446,3
3203,180,0.0022078636569097393,5
3204,180,0.03850931121933297,2
3205,180,0.8604594467023582,1
3206,180,0.15925944989137691,3
3207,180,0.9975337775659537,1
3208,180,0.3000000000000001,2
3209,180,0.08002142520694298,4
3210,180,1.0,1
3211,180,0.030324393339543683,10
3213,180,0.4293498245167915,2
3214,180,0.8540628203085271,1
3215,180,0.02515728949848104,5
3216,180,0.5050230249884534,1
3217,180,0.39558619849538146,1
3218,180,0.007015205686608938,10
3219,180,0.09890842940678907,3
3220,180,0.3690106902530838,2
3221,180,0.3222366542423416,2
3222,180,0.013922650907161445,8
3223,180,0.10055966871577249,4
3225,180,0.18133097808230544,2
3226,180,0.01,3
3227,180,0.35682047067413336,2
3228,180,0.5405436132625515,1
3229,180,0.9999999999999999,1
3230,180,0.5008550202059869,1
3231,180,0.49996377303614303,2
3232,180,0.14257988073352015,3
3233,180,0.03248561534652893,9
3234,180,0.34775902329324543,2
3235,180,0.5541469297796513,1
3236,180,0.6966142770033983,1
3237,180,0.049025883249934246,5
3238,180,0.013586071846232348,6
3239,180,1.0000000000000004,1
3240,180,0.060000000000000005,3
3241,180,1.3245778510960653e-09,2
