id,time,possibility,TRMSE,area,CLength
2301,30,0.8256583268892211,124.29704344634644,1210.75241307915,0.941773231234118
2303,30,0.3038395115565269,14.351941054892652,205.661911906791,0.898044176030072
2304,30,0.4017511807655965,19.859216874282378,0.00343439889734221,0.951320074590328
2305,30,0.32382189598859695,54.81767840049843,4396.3298163872,0.625871667319591
2306,30,0.1986938202707537,52.871918751197256,4.99332743230426,0.986648855717518
2307,30,0.43956481556087446,34.5888283248373,5146.62562651375,0.0
2308,30,0.3193691932488741,14.517436555469283,0.00704861896688924,0.992379241005836
2309,30,0.2238531709229642,14.373654762622742,0.17227351770136,0.935249617562231
2310,30,0.2933214774422638,23.230982455388826,86.8121670526151,0.868723582471758
2311,30,0.16527663434338305,25.72399347362154,3336.0627934978,0.0
2312,30,0.17619768817886172,19.756889497205044,3074.61700414878,0.271972311206345
2315,30,0.4550382219101287,55.59644558091221,0.0028486860460113,0.719684671281227
2316,30,0.24072655340563986,60.6394117123575,4885.09186179526,0.676793612600139
2317,30,0.1479635952081644,64.42291720908884,4971.4815918878,0.826310259037933
2318,30,0.29249250628778056,63.19427081203907,5335.4543829081,0.739375388522349
2319,30,0.8900517727363099,16.795763920512357,0.000465906439671926,0.942594837408776
2320,30,0.3263002964491749,39.195041598856385,0.176337216135835,0.925698625317646
2321,30,0.24030584804187735,40.033015204599785,515.212665782983,0.387429703211627
2322,30,0.7699820854642768,26.29813760440619,109.915385701803,0.769558078693933
2323,30,0.2132231601320378,34.593372628271936,0.65723466682482,0.959274078014302
2326,30,0.9367006638054167,6.924148930488669,3698.87904784493,0.293687237348187
2327,30,0.8955969012630012,38.18727949235759,21.1106632991027,0.930667173043233
2328,30,0.3292209228179277,15.285904851664881,1.32372255268545,0.948621850815635
2330,30,0.33374036822816383,13.20206639259452,1481.61560484113,0.634115914293977
2331,30,0.3132042473167486,27.928951929933138,8.16895235486188,0.952520524829232
2332,30,0.18151689837101984,20.45112484950984,320.093123721184,0.869557170753312
2333,30,0.27588604313183784,44.507750140411616,3741.80817879047,0.702705139521997
2335,30,0.7013610830591461,299.0810429472893,31644.4556326137,0.129469908613626
2336,30,0.49602787020116607,36.8139619334194,0.00623440741434322,0.813278303696748
2337,30,0.47546529126750836,69.70752232663918,0.00360479461568275,0.884998041029363
2338,30,0.8028268005050995,30.94358416472411,48.3900968569134,0.817248255103223
2339,30,0.6388739435901573,15.650939292633042,0.382759453456913,0.824908218716124
2340,30,0.47972101198635664,65.96022059964567,11.8836835010769,0.76395313547981
2341,30,0.30466531978422867,38.87150091547245,9093.85482136752,0.468990583609218
2342,30,0.2368879604910577,97.23517745809151,10408.605685857,0.411789870705969
2343,30,0.44632141822410654,69.50396182070183,117.197938632525,0.725019130928329
2344,30,0.7824293424750653,3.842101806351522,0.00409243772037993,0.854905774491524
2345,30,0.7800600417069904,37.19967332588086,15017.5462683381,0.0237351101093536
2346,30,0.21109442977781606,23.165053885834567,5724.26564497793,0.580848835125873
2347,30,0.19017348754065538,57.42159756257366,6440.53484593876,0.469454064318133
2348,30,0.27541970382289216,65.85359205670139,178.093999265184,0.880004146012941
2349,30,0.3087201211713636,48.26995402856918,12041.2012360117,0.114613086460716
2350,30,0.20955838271237642,90.11182156341467,11102.7583120648,0.638800754939855
2351,30,0.2953509713285323,97.63550211298505,12270.3320297426,0.0
2352,30,0.3597659570251791,53.95818463515611,7772.76156703549,0.570561107244612
2353,30,0.6917944959575719,44.887230113973374,115.59759744801,0.958853221618579
2354,30,0.3759825419353352,58.512199001585905,14571.3027893003,0.404922765864942
2355,30,0.7186035341184082,35.198230198084445,9.20275411284149,0.970817431601119
2356,30,0.39458633746073324,51.74638931113666,451.806486390941,0.951722691354894
2357,30,0.4997648763674278,16.79932966979314,0.0109687648943506,0.890741114357824
2358,30,0.29451194098879435,43.88030384286573,0.0253645332750239,0.957077788811577
2359,30,0.45421254729268423,31.89122068302876,14.8763462008914,0.988045640537189
2360,30,0.32983063406465596,39.6901184393209,17.7556221536782,0.836379817694041
2361,30,0.2800407261303872,52.72953149244546,65.222917071018,0.952503411619637
2362,30,0.5539781735368363,28.598210442345845,157.890896628241,0.838665389553699
2363,30,0.9210762939879148,13.080042772264926,0.0375300935417755,1.0
2364,30,0.586155074807851,10.315827344116999,0.0253008577941914,0.7145715849526
2365,30,0.8668773217854981,32.7641418068529,0.0198860512693941,0.611510105147722
2366,30,0.18627798221449587,21.65610567073477,0.00811311443710139,0.747453142641001
2367,30,0.26516207212389187,39.02082363579582,160.108168979432,0.770810387535441
2368,30,0.3472398517771747,56.56963661293073,491.048709803089,0.826023669406963
2369,30,0.3142692758263789,93.43590414657032,569.311227997994,0.872657434364038
2370,30,0.6929952302221419,26.287182705957264,0.01194793116656,0.952552477182654
2371,30,0.24411768928472283,22.879874574332515,25.9445911839319,0.918206674423001
2372,30,0.19759374743818733,103.22571510207761,42921.7280780541,0.142757748282828
2373,30,0.4875552032322598,27.70102758799904,116.503699497144,0.947980102252196
2374,30,0.28404995363228513,39.261227223722194,278.640747571688,0.841793901964656
2375,30,0.28337167032235916,32.15111067862437,24.5932766202851,0.884301150389206
2376,30,0.8379791812856763,11.159743901244427,148.556492650196,0.746912666822868
2377,30,0.26017204934622545,16.604701277027555,148.572259827975,0.780639441558655
2378,30,0.37783685045324333,19.394082791898146,299.017241754353,0.738548203222216
2379,30,0.21646826008295883,68.50608465823323,17538.7967954754,0.478606853770463
2380,30,0.45346116787995155,48.36399994440424,12116.1749250554,0.361083926391964
2381,30,0.48265300934239214,53.4996054304602,225.051140801542,0.910027614704122
2382,30,0.4653640391281044,50.744226485990175,122.942185781425,0.853093263009679
2383,30,0.41819043603361616,12.271527938216687,2.07784203137811,0.835870546503193
2384,30,0.42861709030401735,54.111444787732154,103.182865633161,0.762980921181409
2385,30,0.39098659679364917,50.94263668431988,125.85602733425,0.955747660279053
2386,30,0.3667164646167138,11.011782281436417,0.102531296254938,0.757721978413675
2387,30,0.4349672071554711,46.06285769538345,0.030877285875647,0.807044300457405
2388,30,0.6093607914250854,42.40903278817966,0.0673245956949131,0.946341007556286
2389,30,0.17333579724102544,26.299449477711573,2993.84220303559,0.645842187971589
2390,30,0.3226003359927587,77.02504987009199,1.24343056518345,0.68330548884156
2391,30,0.9458458250462737,7.212608777300796,0.0253598687876737,0.971516169610255
2392,30,0.3803966019566481,21.134645825902357,1.06910667436311,0.914061761021619
2393,30,0.44847316384365976,80.65972443969902,2557.34373793843,0.0
2394,30,0.3157581523793599,63.50486375451872,1508.21225305973,0.476129923458817
2395,30,0.35548915393550795,84.53437614998451,15097.9708112874,0.154517078925981
2396,30,0.4967738558983759,58.86616250454523,0.00143034657580987,0.902219526302254
2397,30,0.8982114653819591,11.836068141625821,0.452562296754024,0.919378170972444
2398,30,0.346942490975802,76.90514213995979,462.606238424941,0.967178226600817
2399,30,0.1766119432322367,36.125702534302626,6837.46605598833,0.0
2400,30,0.325257384357151,18.181878007207146,0.0131115177173342,0.814855162824153
2401,30,0.43942812027526484,26.783871455119584,2224.6920295255,0.262922297118021
2402,30,0.2547932076450894,83.0236770445562,15318.4313912199,0.585289785258355
2403,30,0.2090903110426645,56.45532833850993,57.9737935530653,0.832373048403632
2404,30,0.20326167453426067,26.94187950956554,14.8357968517157,0.935751352604194
2405,30,0.3189831679796146,15.989125691551266,0.0218308904321134,0.912964764039484
2406,30,0.41814172715158043,48.902408645536,0.0433090112201171,0.959124574949701
2407,30,0.40668411348429684,58.44080229651024,95.1365489441341,0.957687808374833
2408,30,0.15450401649532053,59.89180979835641,12256.8781843479,0.540525903796831
2409,30,0.6340105668797026,50.78645968671115,21.6066562320248,0.958288575800154
2410,30,0.5190104915229298,18.812806073636473,2.33389020008951,0.812420040381248
2411,30,0.29075016726407454,56.35925352655264,4523.46891997431,0.0
2412,30,0.37570491539996953,25.05887994426338,2523.34688619062,0.0
2413,30,0.2577535665666238,17.18749848671021,0.800501019269177,0.854151407145961
2414,30,0.21439275377927636,35.65945356111229,168.133054842349,0.439262900629782
2415,30,0.33859598166334215,60.615081584997675,896.390701194585,0.912548001832266
2416,30,0.9454786490325909,16.385114657528135,0.0176537432279797,0.964754216257129
2417,30,0.9539351114611824,36.307853325394824,746.516017764084,0.771879274008347
2418,30,0.5223618517441865,45.184204081963195,0.0505275594840868,0.936913743458512
2419,30,0.36428342342812214,45.308160829472016,1538.72333583742,0.653500306687931
2420,30,0.5865186104728635,7.920344283878792,0.00536740378284417,0.866606147788129
2421,30,0.7938472950654868,60.21515588460553,0.0408597508751143,0.946694563667128
2422,30,0.3018448707681761,94.82449279399837,11.5181257174648,0.931746155302777
2423,30,0.342640552683991,47.93311057772262,0.00354633162951501,0.803287211834825
2424,30,0.3947067377673727,18.619124980797476,773.721540068348,0.749576659481035
2425,30,0.7569130676671579,21.16110429716533,0.0126332357907586,0.952857118892774
2426,30,0.3059486771851269,46.34442422371277,0.00164059569698338,0.951666935768664
2427,30,0.36956858758704064,27.853351333897194,4171.82138896814,0.406203197037668
2428,30,0.8234599678868788,50.60633921964154,3625.19503703351,0.592127270396946
2429,30,0.8040722744209667,32.91776593068991,1023.85699748015,0.579646427508191
2430,30,0.6319456082019435,35.701185466226804,278.046700749083,0.943453338461116
2431,30,0.19714124756240217,62.90060445105894,48.7350813322427,0.758935060245795
2432,30,0.4174247781325214,90.96488475670321,0.000717090925769881,0.811946780449235
2433,30,0.6579973280014229,66.07761480023181,0.0590502039626699,0.95545975968419
2434,30,0.24675076346991698,28.61258252426999,387.743932297442,0.773202752059275
2435,30,0.22222950329859847,35.583124479356975,411.657133297201,0.690318207069189
2436,30,0.2533376090570683,32.89073477593125,2072.78541748375,0.690398840112415
2437,30,0.45511783088321117,42.17691517275189,509.856810776995,0.994539791811108
2438,30,0.7577951402516989,20.613425336760844,44.512011729561,0.515153556927993
2439,30,0.20044467851018258,45.43335309894581,731.026707143407,0.796022133237056
2440,30,0.8633265316080144,17.66019853606361,1144.87351170599,0.679004935932167
2441,30,0.33093195654846086,102.537173219012,7357.89618645693,0.0
2444,30,0.6361175613983601,33.039775323620596,15085.3628536453,0.0379682191259998
2445,30,0.15341624069803994,66.37718737532175,16.573208460895,0.977257358221952
2446,30,0.5723222728195824,47.57319388781425,0.0813144654332518,0.945351004727884
2447,30,0.3579612946911113,20.150019028942292,2.67977963883711,0.409721407537792
2448,30,0.5481046604811602,15.970994606722714,1960.52287506533,0.826921623066998
2449,30,0.24819668078914076,140.70544262903857,5156.99983738343,0.834083829579686
2450,30,0.3330594998317928,48.60359306770825,291.251971880501,0.931672091349267
2451,30,0.35389585633424986,22.938316103016103,0.000145467948573952,0.992632601428481
2452,30,0.20557703711413805,37.650812350122536,5254.93923998317,0.441900011972415
2453,30,0.13775576574355233,19.69273587025033,0.00328643975399245,0.905305139106862
2454,30,0.19048378299940752,51.852701739530424,4677.20827541365,0.579676145530445
2455,30,0.5242832196986889,64.65251192431475,0.0172372981478475,0.828839360895189
2456,30,0.2411343969885756,11.272848031211403,3.44873046942587,0.81582340676528
2457,30,0.33814118924556513,9.356136324085286,0.0122888644941668,0.971525542791425
2458,30,0.7482310907310843,7.381918162052865,0.00949928949012246,0.558606031844118
2459,30,0.23580405596912019,73.9846839372245,399.277185245015,0.633373551478347
2460,30,0.23330806205789067,36.74933504008346,299.123942746026,0.917307720610228
2461,60,0.26584400475827,71.33153384040989,88.2346721861909,0.955943007205801
2462,60,0.5534866584107463,52.656830594344896,370.492436710321,0.96500481214767
2463,60,0.6986311891878584,22.225369145411285,4.4937700403652,0.982721617914767
2464,60,0.626838040649639,47.271794296487656,292.283426843265,0.897435111234313
2465,60,0.9252745221485899,14.164039205649047,0.0175511331859629,0.979567412754302
2466,60,0.24755691980922187,38.122861694804904,1376.28098609455,0.92356146907945
2467,60,0.19902258001447398,80.40521887239971,111.649173427794,0.973052171286423
2468,60,0.49873845295340224,26.12738961984569,0.0441871056172261,0.981413782481585
2469,60,0.5410558043838943,82.07224807309608,328.332266850527,0.862018841037798
2471,60,0.3866578924525488,17.069364460834766,1.01609327941765,0.9540160106286
2472,60,0.2792685804369102,13.752544638069011,0.000238452473752204,0.970180400137529
2473,60,1.0,105.36951363215046,237.103011855062,0.926908919568973
2474,60,0.2265622449073149,81.08920700829276,0.00186358512632978,0.957194611556718
2475,60,0.28942609514241935,74.61465738407234,342.455924370416,0.755745045144713
2476,60,0.3268623134234782,125.27103123990868,5335.22447914887,0.89646661373177
2477,60,0.9996214823435385,32.34763673602026,0.0106104268111267,0.997886125313874
2478,60,1.0,53.24255884083703,0.00737940135081772,0.976264164146612
2479,60,0.8898958068554859,90.05520213872437,5030.22621377045,0.843754227227411
2480,60,0.2573400784303069,36.68340281929696,16.0075153513112,0.949461304549554
2481,60,0.994288860600938,48.07818307899986,0.0419606827877601,0.961014267496647
2482,60,0.2614725119274415,46.57694299310284,0.000801820844117174,0.912497749468523
2484,60,0.2826654192411954,20.227686936571402,4091.98808323712,0.286724558414978
2485,60,0.8805296048107124,62.098710746339854,0.0085180750894267,0.984511134911678
2486,60,0.31474385032693636,100.24229726654383,18081.3444597663,0.299787517322846
2487,60,0.5932999972871185,103.01172524103562,1715.58981965947,0.820114803005456
2488,60,0.8856110950378013,21.622457993477127,1264.13561877488,0.786695326113094
2489,60,0.5564233034077106,31.53416133259142,1264.13541130971,0.763465738331483
2491,60,0.2298872826142288,51.85942596471462,481.03436314388,0.916436975185036
2492,60,0.8795785430247738,42.56171070266439,89.9752490765018,0.777026164950623
2493,60,0.269180290533051,93.33377524054251,8656.22388879037,0.567065009112162
2494,60,0.9116663805869917,58.257791346930915,0.00874897765811511,0.945098624894475
2495,60,0.8106252620503206,96.67886042566533,0.00874900020630776,0.940041974993243
2496,60,0.18327927189628673,143.7172369737125,53972.35157608,0.0
2497,60,0.34866981890374804,64.42029874780187,10927.6399494626,0.552181604818529
2498,60,0.6464967040263851,77.34171840068824,0.0186974693328494,0.986527822620376
2499,60,0.3320210344036043,65.17313808414087,15071.5719272996,0.405723853590778
2500,60,0.6060776425765948,89.90681106964605,14936.4213620751,0.54798300434436
2501,60,0.4213312738212924,74.71815592054628,1897.47498724673,0.936863571642827
2502,60,0.4005032518989166,87.41642633300651,0.000369367043404623,0.984499450737045
2503,60,0.2332101425505403,84.21540123342089,42228.2432493984,0.0
2504,60,0.4415170187472133,57.99261410748131,31174.1467988919,0.0841562773106232
2505,60,0.49852595836983654,73.08979543670841,31107.493092506,0.222760258716424
2506,60,0.999950746034771,49.956024326669606,3907.73259635221,0.622205505215594
2507,60,0.9999999999999999,30.036258753604333,288.328819398359,0.862783760247114
2508,60,0.1530315128689085,70.41647589406222,5155.0901211599,0.463971344551663
2509,60,0.28660352101751274,76.32095905183294,1931.02834775331,0.395605799513204
2510,60,0.3696272296066443,94.24143539206513,0.00351813025908143,0.988542948363953
2511,60,0.3901375847416394,71.60093454369891,2552.73566781894,0.577415481089615
2512,60,0.9944699756257405,82.3905106147259,7664.41321252251,0.425685501252127
2513,60,0.6671431240641897,48.74274682021215,6191.47004746101,0.6033916594734
2514,60,0.9671526310607794,165.63114388966594,90139.8366660877,0.14093650528664
2515,60,0.50993847608183,44.9122644237817,118.369102884628,0.97590293793656
2516,60,0.4844196882398127,137.31224048302778,62779.3274777284,0.3987475240633
2517,60,0.6087857811001933,69.68542771550217,0.0346976932007692,0.965375699013482
2518,60,0.4875520784017744,38.038570062995156,0.0462792049315806,0.979691568903457
2519,60,0.5944366631777038,138.32561748203025,49657.746657557,0.609532128566452
2520,60,0.8168916165249442,31.930044161818042,0.0632081199234911,0.983322010130749
2521,60,0.6150941489507855,190.46967819091654,146687.205061777,0.0
2522,60,0.6481730073746388,137.66487426165452,68939.3188719068,0.320115397860227
2523,60,0.7940890986679607,39.58392129467765,183.121306242898,0.842676581335217
2524,60,0.2041465362148184,37.06900617950694,309.910653524365,0.739400704584924
2525,60,0.20667650961099987,45.4162242826602,183.112536129782,0.778719059694041
2526,60,0.38882044736867294,74.59724261692527,505.040326086744,0.91364786207428
2527,60,0.522153824862842,97.76549830959806,491.051935418051,0.83856009704001
2528,60,0.26418523583718906,57.304557858217,57.6261923236448,0.895004216171212
2529,60,0.23949432742484678,36.61747123321679,0.112350483610726,0.980878717194675
2530,60,0.6611475578792071,53.18180289589779,0.00174356848894242,0.963234573149724
2531,60,0.21877158384043455,34.032003307694204,0.00646402002093138,0.91769337852319
2532,60,0.21578323062848273,49.48642244981826,9066.79202749672,0.636240837078835
2533,60,0.32371836639531226,79.89676266249293,36476.2056511596,0.354884501227785
2534,60,0.5906149854968807,88.68818715450011,0.000622811056018691,0.707656604291894
2535,60,0.7183713471729809,84.4198475562597,85.9310200073523,0.778568700880075
2536,60,0.9268358558416044,15.398881702325749,0.0461844930482584,0.84098565234934
2537,60,0.5363048824271007,46.13480881918853,64.9119524295594,0.964192040493528
2538,60,0.5652349728853902,47.55750595564077,16.4725147691903,0.928020537353446
2539,60,0.5421994174732645,103.37345115063941,74.6389892221484,0.92732045874049
2540,60,0.4373311198696005,63.93610494084076,1.94040493550287,0.959711554356908
2541,60,0.6967252230739743,122.59370185140514,125.85602341013,0.957902888454385
2542,60,0.8871294950140857,14.850212713911604,2102.01345693242,0.866998067125124
2543,60,0.9243103795877727,82.79455669114901,0.197285731005434,0.970695108008224
2544,60,0.999987512488561,222.66785400358916,3487.52189442299,0.942945069338363
2545,60,0.33516758731942065,83.07246909528618,505.743158945781,0.908988812807263
2546,60,0.26838535251755635,96.91944827214294,1742.70847732132,0.88172365061452
2547,60,0.6847709877015842,47.734648473997204,8.108083664547,0.935442315513169
2548,60,0.17845647964894426,22.884325824001348,222.12993995871,0.800733905285164
2549,60,0.7010956327289707,12.405606591692111,0.0371000573905391,0.983092748194738
2550,60,0.2794433160054351,61.87062647476869,16405.4833292146,0.106244775099684
2551,60,0.6123361449125516,165.08179842794937,7951.04617441111,0.0999408449032029
2552,60,0.2145754995614881,51.05126351503074,138.450782666995,0.940825973281496
2553,60,0.4119417466073957,56.29579232967471,0.00120021377019608,0.989268937331208
2554,60,0.5909004824771552,116.05246995896626,11521.3358420674,0.0
2555,60,0.4975836943936242,102.87393720109723,304.881715216213,0.803590009152142
2556,60,0.9999999999999997,100.87168648649904,105.847128679075,0.89489929815689
2557,60,0.26813418420457086,53.33817567331366,630.914025826548,0.895068150204653
2558,60,0.11829073806626125,140.18788764539985,28091.7145136993,0.678823436998031
2559,60,0.8323637987192577,77.1336587073117,15365.7947191342,0.476011214978794
2560,60,0.43623523514214085,107.09865883519046,21388.0956104493,0.442362323253942
2561,60,0.46561127866045215,20.23378887046036,2940.34067947283,0.669643522901218
2562,60,0.23430906847785318,90.15594894420805,10177.7349981349,0.779755098398449
2563,60,0.7183359990833392,15.519991087286984,0.0447001954598818,0.780110922931828
2564,60,0.38145441009465353,36.48858173215959,10.8062289335267,0.840892738200583
2565,60,0.6964135864388118,110.40484218814849,0.0897268898602306,0.951413637845392
2566,60,0.727890225795593,17.44434744025606,0.0466050504776376,0.950308795364621
2567,60,0.9996618997323059,39.88686163805559,0.0375680049182847,0.982438705032244
2568,60,0.9900000000000007,493.7812209220058,19749.3839603778,0.0
2569,60,0.3179049999281525,122.0550835521651,4525.90371962885,0.0
2570,60,0.2725519179929952,75.44131750292252,1500.35364489198,0.461862129931953
2571,60,0.37031873321294745,40.034231133916734,2523.38353181729,0.274573559083927
2572,60,0.8871133247447747,26.5486257069843,1143.75148892248,0.579234336271469
2573,60,0.9353384397254652,34.020109073829225,519.038133328256,0.921020765004181
2574,60,0.4237527512815798,75.68906016058384,1098.20676212873,0.712054750130747
2575,60,0.9970030546453681,27.374832895881237,0.0272330053493857,0.990065396623499
2576,60,0.4820905659749303,65.82189314336831,0.109651332913585,0.940522671002185
2577,60,0.9764209451653724,72.16742528502174,1454.03696723934,0.898900745077403
2578,60,0.14287430110483892,38.798164880526144,2541.58818999518,0.497870517209139
2579,60,0.30354252408165866,21.401161188412527,0.284190813874034,0.906848257308183
2580,60,0.4775181893343139,29.06907973819417,0.0632987812594275,0.895197423912616
2581,60,0.26068331004125345,58.477166057291825,5416.8576715108,0.748444324752712
2582,60,0.21214069565438806,152.78946908446403,13160.8139126839,0.754966798550155
2583,60,0.3504077554703187,64.57846965814532,12.9531629351313,0.961260182727349
2584,60,0.2675957683101228,76.31663451809696,14227.9779260167,0.320618634042336
2585,60,1.0,50.934828805618395,1360.07768079493,0.322976144217699
2586,60,0.3583919979569811,42.5624781943926,355.177214045385,0.844043268585553
2587,60,0.17576948624335123,77.64566964101425,21.1398425983762,0.972477896330229
2588,60,0.4451520213558197,45.79141223236834,0.0490856728472124,0.987885204901492
2589,60,0.27341236275162556,75.64671686690853,308.063714339404,0.883572620659075
2590,60,0.2963395589518425,58.07905217793274,8329.8135421234,0.0115293606789235
2591,60,0.2962435466957179,98.1171636224332,201.056909066138,0.884595234249525
2592,60,0.6957994925221355,72.53083169516515,48.7345692851283,0.884698193926735
2593,60,0.6384709866856774,136.72543521682695,10.6114518103998,0.883209621778394
2594,60,0.5070060736539307,185.57615940370812,0.0851542452363674,0.984663703422762
2595,60,0.6957149031904787,92.18777257473023,3025.49462225952,0.805667697323722
2596,60,0.21597034310239743,84.84388773857637,2369.92072945593,0.713189540367265
2597,60,0.4102971961193996,41.289496152745464,127.137214457776,0.983519611196079
2598,60,0.37707363440159647,111.92015291334718,10029.134803658,0.46676765016775
2599,60,0.2619603452660804,49.88184582144049,819.523859013309,0.716817113368569
2600,60,0.21930228127436016,87.6810402948744,356.444668320791,0.916304061828651
2601,60,0.9101305236085673,74.90280041445203,2258.35291137499,0.777307542064564
2602,60,0.5636938688566732,96.70325953671895,69049.0354942047,0.257303581307947
2603,60,0.28053427586525703,23.797178787739615,14495.339964302,0.0602456502516564
2604,60,0.47626277395819333,86.57867587517265,9956.92779741042,0.249905865650476
2605,60,0.19408166652320796,49.44943868027452,19.858685667762,0.979118190402368
2607,60,0.24973744966158423,56.330030498577244,23118.7142286838,0.138927221430504
2608,60,0.3358809473757694,98.18369161522071,618.279834229798,0.835425285830258
2609,60,0.23886171630783187,54.58778687741569,3639.44815860015,0.155025579575634
2610,60,0.4999852449212777,55.96926255705968,521.801174017805,0.863513842961956
2611,60,0.18620081186904913,43.549837062849306,39.7326410294481,0.944056101378027
2612,60,0.2883520537865983,56.187990964458,0.0575527444079853,0.987352049160101
2613,60,0.8994151010139232,29.84782682520833,1.28713222671081,0.975850385957037
2614,60,0.8910227765363956,119.66424376714178,38425.5588843887,0.0363820532109334
2615,60,0.2945553344750924,66.45012676790486,3128.86634822931,0.785365816607474
2616,90,0.26153492580209536,85.4923783580431,0.710766529242392,0.980931637579131
2617,90,0.49187301465865346,129.4774062615881,2669.47020212576,0.913434953299293
2618,90,0.46879757818268564,176.75235966215755,37833.1126594468,0.0174870841060975
2620,90,0.354141070498767,19.527284204061917,411.987213580476,0.839756159703237
2621,90,0.39979524589950916,20.69549944768787,416.671717812047,0.893935573012937
2622,90,0.2736298547341202,25.544565880879528,7.93582875620263,0.877700709515469
2623,90,0.39919153470309643,15.146297455915297,558.238652586617,0.928976112184409
2624,90,0.41786891184893704,75.13456578476526,581.773558813192,0.927898191095435
2625,90,0.23107777542667673,62.48946876813627,9490.19850205116,0.856152202207758
2626,90,0.3970922288381856,80.04673915913612,3758.06289035971,0.0956660327157268
2628,90,0.5781557682835288,23.467739552723554,0.0645854335828346,0.980789810115567
2629,90,0.611593190609813,151.68847231488326,5966.7978713578,0.764576948368231
2630,90,0.2768212595024279,135.4471058712066,5335.2240775579,0.925499655024349
2633,90,0.9728267639765733,124.1333628436006,5335.25044843645,0.914961032494096
2634,90,0.39539930941351664,48.93622549890667,16.0076322886162,0.984003892262885
2635,90,0.7209965415848855,218.80300820971595,23771.8708998378,0.0324971429487172
2636,90,0.9300646786580493,167.96070070851187,18455.9181496843,0.389520250395365
2637,90,0.22588472504524665,60.46429902185193,152.031031031265,0.994847328311488
2638,90,0.3393327977249146,83.1470885282185,29.2174405315841,0.655324913233818
2639,90,0.39307787197129473,80.74990381650669,14016.3944758046,0.416097364583607
2640,90,0.23759512396021365,113.23013699162114,1056.25342156924,0.796151175594738
2641,90,0.41571132404654754,55.022667967773415,1609.37864898171,0.801625803525836
2642,90,0.807522828771752,134.83522225039817,21890.1547671492,0.640762687091449
2643,90,0.9833069454305159,112.79304123846451,3982.40023184705,0.77722247184376
2644,90,0.5273050138552631,34.05507020299938,1408.18080297719,0.833322642505423
2645,90,0.3391790586915011,70.10893396767855,1438.31151931932,0.803825680844783
2646,90,0.3452385710936219,111.33685649017455,37460.8564505108,0.32015563533333
2647,90,0.5199705142379776,102.61054501470157,47340.8035949704,0.220454185798801
2648,90,0.2920790221223132,260.0689882988657,11576.2956749908,0.232922868823841
2649,90,0.413926625236897,117.24362219800142,11805.4851628521,0.275151799226734
2650,90,0.8084743802318574,93.43009204822346,15502.3434127901,0.621725523695526
2651,90,0.36257658883028093,98.25244257692142,25591.1232518773,0.541867319748918
2652,90,0.9873414745353177,65.66821863556989,5595.99019785105,0.826044666145755
2653,90,0.4299653657670993,147.10078900326687,60915.6240999197,0.651986704056384
2654,90,1.0,140.96103842409443,68660.1586067656,0.568223025635331
2655,90,1.0,48.3082657078183,0.0559591648470814,0.992375862190468
2656,90,0.8334472718306793,155.01596007572977,49657.7354397801,0.69858741200595
2658,90,0.5464710673276688,29.041809911458728,0.0921186020104745,0.980566488721189
2659,90,0.2871916330038797,182.86780475626585,153814.444007008,0.131983790977569
2660,90,0.3399805125447158,90.94042399627709,25223.7648497583,0.764594753748131
2661,90,0.7372676006006968,113.24812642176093,45463.9231806405,0.457349996454664
2662,90,0.35648935484776423,190.17091295660902,117352.004637294,0.269650775260532
2663,90,0.2273241875302572,98.52122572494275,31.5710235740143,0.978372573440293
2664,90,0.3572161187193247,109.36144859198563,42921.746482632,0.65095502485628
2665,90,0.31747412250051893,215.4432255778687,130711.616942742,0.261713096824515
2666,90,0.27422251031079775,41.336737640216136,0.00629018128840109,0.978764153096188
2667,90,0.34283979189339686,44.256752994253624,0.00746312766525037,0.979194350026374
2668,90,0.4359777051531483,147.02245006318614,80521.6665699784,0.0132209076794233
2669,90,0.2407552229739402,162.4816972630483,80203.6765197201,0.0
2670,90,0.5328696534593245,75.47928692628548,29509.9831079186,0.704079988159753
2671,90,0.38337980681120515,121.99991902006673,129.432552875818,0.834098026522702
2672,90,0.3696468402774934,109.98030677185577,0.0150331590484711,0.814016314678149
2673,90,0.28679779346500994,122.0267067957786,51824.2553240012,0.130378007055819
2674,90,0.37628644211774076,148.5127945233717,51939.4343297035,0.150130322751191
2675,90,0.1509609849098533,82.46644281623534,11952.4098324685,0.794454112672375
2676,90,0.17809572991230227,267.9747722625653,64341.0811671671,0.551010789171302
2677,90,0.6251438742849346,88.8693208934911,0.124653586714572,0.965605541660537
2678,90,1.0,188.34749789257896,2102.16218063748,0.896739464070339
2679,90,0.5300000000000002,673.6264296515874,14351.9817731449,0.0084873339461201
2680,90,0.5200000000000002,781.8737580233033,18590.1694108926,0.00830829254838457
2681,90,0.29408293578109146,261.24759175780093,268987.797833688,0.0132281642966785
2682,90,0.38409122553392894,118.21011573664823,27876.2720789873,0.610757023874183
2683,90,0.7957882989458711,175.88380593690874,151811.940290804,0.00826276444583589
2684,90,0.9999999999999999,94.84606197604842,20240.5396587051,0.501429035305989
2685,90,0.8496574453714394,139.18487397106998,65236.7164176576,0.279991400857244
2686,90,0.2801526562072062,146.69649791724189,73137.0434420928,0.0
2687,90,0.3861846494012457,105.38155812642205,138.450135585751,0.938903554002082
2688,90,0.40672815494174713,105.91349620370704,0.00635907377377176,0.980490176883646
2689,90,0.8301300518442614,80.81182270934805,9913.98952081113,0.181200441778409
2690,90,0.9952083030922849,60.15680415775433,22.3020871422551,0.959267216424405
2691,90,0.3100000000000001,868.3141334944142,12706.907885389,0.0
2692,90,0.2760018840821574,104.6001955131778,54976.4306395778,0.319976765706541
2693,90,0.6088947215333321,225.0997553698767,182530.202779918,0.0
2694,90,0.474219928966246,120.00092376458564,21382.2877734267,0.733797554483232
2695,90,0.2706081222838266,116.61579470956563,21382.2815826143,0.697129137774529
2696,90,0.30035338836954645,159.10403097373708,6733.0522391657,0.44561671210214
2697,90,0.9020982633400234,18.192328031790225,5211.24358704849,0.702019840213917
2698,90,0.8542728311530653,20.295232888129135,0.0666306153320875,0.980338945726031
2699,90,0.38005221870919265,238.22886213844137,251693.818320202,0.116607656267493
2700,90,0.6623215356542798,104.6347563961085,0.11333339112025,0.946240877143048
2701,90,0.43224445392762867,63.255074479183364,12715.6992267631,0.777267345933027
2702,90,0.8628294984326224,244.62574495654786,188938.699974818,0.137159006899686
2703,90,0.9174796576835547,210.4235919582045,189859.846092388,0.112592874150774
2704,90,0.9915964090270224,269.28291494672726,112700.300552593,0.0192521271664599
2705,90,0.35908287356950946,175.80125352524306,13188.3664224323,0.0
2707,90,1.0,49.033731248551,973.692533419517,0.66544189499344
2708,90,0.4511436339419899,67.92155925810945,3434.17560643687,0.535576800092461
2709,90,0.46887128906731457,188.09449071131002,484.274476179525,0.756893340254034
2710,90,0.8174305311183161,119.42708702678986,48090.6026313658,0.233114443239557
2711,90,0.43532441844339903,59.092754054265924,746.485258005504,0.910568575511949
2712,90,0.5218949646134284,64.4257898737159,0.160085712213571,0.956748342622621
2713,90,0.21617351894496084,126.79505771456564,176.553432166999,0.964412685695259
2714,90,0.5132973054231271,111.39287220983802,11579.9816929428,0.808246615148985
2715,90,0.9673356614568562,80.08137348717814,8684.19656994083,0.631494749289224
2716,90,0.14819531848333817,75.28712668616993,15075.8478680887,0.438792483354651
2717,90,0.2843423341392491,98.68024038418368,14801.7933914061,0.432211495171941
2718,90,0.9900000000000007,898.282395841999,200805.842696769,0.0
2719,90,0.5184908307453677,40.482146079068485,1188.62021394175,0.498464641281928
2720,90,0.9999999999999998,54.39488383535233,1218.43193404331,0.509735532405192
2721,90,0.17149677367934169,52.85917014377707,11809.6868864605,0.351648784676674
2722,90,0.349420470807535,125.9368612644796,20153.8582856567,0.500443328074138
2723,90,0.9327059853290072,73.67536187596225,582.152450725595,0.892864187894017
2724,90,0.9964788510120373,98.8282154641166,533.214005503789,0.884595234249525
2725,90,0.3676167824043959,129.62948465104972,27019.4578988095,0.388902724678653
2726,90,0.500211238882148,239.99345297419288,258.914774950223,0.780010641360844
2727,90,0.5946485057109893,209.0022434122487,134793.524668925,0.0
2728,90,0.43770634568590355,310.83905729667396,129650.734750498,0.107213819956426
2729,90,0.4062136228603647,99.91010107229422,0.0705636831151821,0.962435389773531
2730,90,0.3511459178925203,75.39515673233888,483.763490291897,0.758273230923673
2731,90,0.4728000080476428,224.4265958628834,122322.433319614,0.238322524700022
2732,90,0.5785395630232758,147.49650758485868,58800.9348111403,0.618869319590129
2733,90,0.47097011205720485,207.23715967138472,30185.3400894516,0.563535151945672
2734,90,0.5422482153538619,75.04300221799225,0.0695362665173889,0.991935872207255
2735,90,0.2852525861731924,79.5833873139848,20995.9669965195,0.193687057684141
2736,90,0.7830775193882447,146.52511953967968,25173.2950333055,0.597920601655079
2737,90,0.594640815440229,167.13338371293116,66389.6284755462,0.181294285999896
2738,90,0.5175021495847957,41.1601483607476,14302.2566148051,0.334028079978286
2739,90,0.5031061951784811,103.03815645538617,40427.0817681377,0.558155625389923
2740,90,0.4131082071996999,228.8268244457343,3619.79492290132,0.0
2742,90,0.9779185113752058,91.62739803866756,39.3662607693585,0.980259350090684
2743,90,0.10260430285980206,226.49406883841252,117376.382056355,0.293145124688051
2744,90,0.7225399733735047,130.8992884462853,57846.125703767,0.437288457044031
2745,90,0.6013771572803197,111.71312240133824,43118.6868803937,0.379393391640247
2746,90,0.461367147947384,121.15483096250588,46245.249058175,0.237504532381789
2747,90,0.302843290326785,102.97086955938522,48669.7397729476,0.526408089223519
2748,90,0.9792855450714011,75.83320421730816,5996.43850083712,0.826003852933413
2749,90,0.5237912889808651,184.51180054078137,54020.9765049575,0.469081892228947
2750,90,0.5183846613377495,181.16099469380322,54134.7091886677,0.469304517842778
2751,90,0.7671244149098562,193.0649576428071,54260.1292764543,0.668886425233435
2752,90,0.6443187294002278,129.97642672720374,17838.0013861514,0.879450058213912
2753,90,0.8258802424198086,43.41379853618188,9420.46817133813,0.733198492401492
2754,90,0.8925793038837647,30.25377120032944,6346.60458414083,0.725891839669358
2755,90,0.8676371805166557,178.09117980138276,101189.917666865,0.23133464039902
2756,90,0.4422665278495955,139.06178449732326,69402.2245727968,0.557701697923915
2757,90,0.40448299607196814,34.215131267572424,167.515475911909,0.981140959178388
2758,90,0.5532787752323804,127.37807798543498,69401.9276022867,0.496868780363921
2759,90,0.6235421709673106,64.46924871678594,781.272970232132,0.264618791736399
2760,90,0.544433371735648,126.89939986356883,0.99109296306267,0.987619945771727
2761,90,0.2857996126547966,115.1464641919688,7974.60719728407,0.101115155801765
2762,90,0.7048876876300086,100.53701456437864,69718.1252439007,0.320518327045813
2763,90,0.7609323275748643,99.16415028242949,68876.8214843621,0.411289799837961
2764,90,0.4923879402908502,65.719073896288,6971.91092125611,0.0387320228087783
2765,90,0.7197830422670314,108.31869447553014,1473.92512468196,0.433829378823015
2766,90,0.8468386555836177,69.62461735558325,0.392039535545337,0.926686414228086
2767,90,0.46556551764961923,89.90882375395375,11032.4713976808,0.621076657172394
2768,90,0.5664528548339132,74.82882121670512,33.6120161402827,0.869054853591803
2769,90,0.6508502496989216,85.8754141275758,7614.90469768786,0.843808979265537
2770,90,0.6511969100740358,47.966226366928005,5482.75536995061,0.847181313611712
2771,90,0.49656520348783884,103.66566880741347,32000.6905616863,0.184398193452624
2772,90,0.9013084654484991,79.6726984002715,0.0632156067585861,0.983659538789202
2773,90,0.2792475540136477,171.13001463775436,96.7558974044686,0.984605821697413
2774,120,0.4459459988308653,104.09660436983931,10976.7823539798,0.790949462170122
2775,120,0.33369332029104004,180.66898639373446,34376.5853206807,0.118346224516052
2777,120,0.28427977423188605,54.1993100646991,1.63336353437808,0.94492835875024
2778,120,0.7170859191912782,19.25870180052578,4.46001652455506,0.994832009563949
2779,120,0.7502316205504342,21.886162568079136,0.0254154737727835,0.991429797054346
2780,120,0.46235824081667815,20.235162338242176,0.730468673564376,0.970483876001943
2781,120,0.4029685598334606,40.20906774229123,0.0594763955813562,0.982216812114286
2782,120,0.41232383883405854,135.19813208213816,49410.619851534,0.475012442126035
2783,120,0.639833063324422,124.66484090413205,2983.0641063267,0.92604678063934
2784,120,0.869162268199825,168.5077450938342,5465.05250852957,0.810399632009015
2785,120,0.7200000000000004,319.9519006223857,4650.12213473895,0.0
2786,120,0.9727599110226224,75.79177694978854,16823.7229594228,0.63279852738268
2787,120,0.9582280808370972,71.52955162368647,7254.6897419373,0.691159575034418
2788,120,0.2744083049263434,148.45686064091404,5661.7999246018,0.823491977977788
2790,120,0.9908882030371046,154.1443891602579,5335.25056398794,0.944767693556177
2791,120,0.5626646634857209,245.65896265701878,19265.1207621886,0.38948482810818
2792,120,0.28239998724492216,269.4668352353816,27838.4335139578,0.0292569135048993
2793,120,0.3496948128480088,299.9703523306779,20901.1580639063,0.0
2794,120,0.3789282259250772,202.32073951946072,81.2247930360131,0.992594884815314
2795,120,0.24761933257868401,202.08799521735662,3.19917408117578,0.945627333989052
2796,120,0.31535358327034607,65.1112378728426,14016.3376882336,0.567683478183026
2797,120,0.42503763396185984,62.68222138200355,937.896126859012,0.896472159182191
2798,120,0.36470687407414937,101.35107868169722,1512.64732081091,0.768371880361879
2799,120,0.2896056423073169,73.45962966919056,55272.1194280305,0.542334359648165
2800,120,1.0,68.5163936650821,30343.902163763,0.51768943323354
2801,120,0.75975292670136,70.84341429804779,1408.15080938234,0.83387049285849
2802,120,1.0,56.183292693687335,1710.26827736854,0.533362424933063
2803,120,0.9995631483290709,91.13982201611257,15916.479813388,0.527377716729993
2804,120,0.794159281914583,138.82786667530607,132890.016182037,0.292370225662659
2805,120,0.5763468061571505,275.0304822414634,133265.804692047,0.0
2806,120,0.48000000000000026,728.8543819759783,41763.606822352,0.0
2807,120,0.5817723805906393,131.59123320675943,83676.7918568483,0.538964393446344
2808,120,1.0,39.76798135284098,0.0891814902261103,0.994073480723045
2809,120,0.9977583599874722,53.4924539983363,0.0572689244288824,0.981521435566957
2810,120,0.5130530511331947,213.8789299390359,12804.0765422265,0.530013908523959
2811,120,0.6547162942505003,230.65201492440627,13282.7935759623,0.482578855089245
2812,120,0.23900766200001744,151.9559307800424,32038.9572204689,0.479096904424451
2813,120,0.4051324379101031,93.30866933216046,0.0666014909826025,0.998246477224975
2814,120,0.19482915914361165,40.28255730100116,3420.00003492304,0.832858931351956
2815,120,0.7908322413456212,181.2236613280722,117352.008870155,0.332477629979492
2816,120,0.8102699884392075,201.21977010333427,117352.008905547,0.332805353761916
2817,120,0.44960896623199625,189.2416646247934,42889.9619899017,0.674188916143645
2818,120,0.9678679343648017,329.88116072061956,295013.462382446,0.0
2819,120,0.9299462722585166,227.91452968509935,191679.873274634,0.189201969144937
2820,120,0.42299229279355,210.14917147797163,150457.840241995,0.20485993812839
2821,120,0.2948881047474676,126.46116497997579,80522.3958043634,0.360765317360208
2822,120,0.8147038134481532,237.4039777814316,111802.703010123,0.193047200993032
2823,120,0.955884792203478,143.83974737963607,89639.2833993106,0.380892200354013
2824,120,0.42486639127251746,61.275518444749736,11806.462667209,0.84577369271619
2825,120,0.43330675473438596,77.08515586501885,141.961862052846,0.976869521567677
2826,120,0.2854583407645345,253.5590282195013,230.612388622211,0.926564995026334
2827,120,0.4047768106315465,240.12957628721946,2690.97264478162,0.901194342116328
2828,120,0.710749192135112,214.2569140484576,73828.5665186655,0.576497777196363
2829,120,1.0,263.3453785734865,0.398766414617355,0.941080685057677
2830,120,0.887400760283307,165.09335762150965,73828.9627139742,0.632257085153336
2831,120,0.9270555622396852,216.47409662049375,141386.198192622,0.270819234343731
2832,120,0.9584315557401583,101.45923473037094,29034.6674366715,0.720052079023159
2833,120,0.4050206608182263,169.4454033705301,169244.938271745,0.103565025748031
2834,120,0.44287189716896225,108.93543658857257,1.31248605933637,0.942115970597711
2835,120,0.8754576772995616,84.85634613957099,26906.5680835362,0.339944567461244
2836,120,0.33622043713396116,85.0987965311481,27730.1353371874,0.331767981539734
2837,120,0.24967204638898377,237.04850142629846,1988.62809295367,0.0351888012213056
2838,120,0.5803277226387183,369.9222345210027,134338.952322114,0.0
2839,120,0.48085730354844747,136.23522507647348,109.59184038596,0.933269026383249
2840,120,0.9999999999999998,103.26949939839277,106.03734465564,0.970915664455455
2841,120,0.8210759585442774,97.80491870072419,54518.9388021787,0.453108580847377
2842,120,0.787596981414849,127.73121037371995,0.0487613156419684,0.993624777854554
2843,120,0.9728123795064214,193.0685654414406,203919.210333231,0.0624981726180774
2844,120,0.6703703419744013,186.15111119806113,179691.658613956,0.0688232460112902
2845,120,0.3027765027188676,141.49877098140408,6724.66946745859,0.572326920618985
2846,120,0.3978917419819124,185.2107340071492,99845.4719000753,0.0654334894453787
2847,120,0.25578709401813926,133.26639446813178,90654.8407907348,0.1315978423607
2848,120,0.40108552203580594,26.164367217508214,27.0836298947143,0.951002335633889
2849,120,0.4509300824055001,113.97435240215177,0.137929806429838,0.992479165135419
2850,120,0.4285113457481494,320.11856491789825,221379.566736335,0.250513622916834
2851,120,0.9878177860401957,103.58330015651357,0.0900940244910089,0.988388652893889
2852,120,0.7770102077701169,295.70893735229714,188938.675342208,0.324874584817024
2853,120,0.6723805302945213,226.64310806707226,189766.947430482,0.123878113545489
2854,120,0.873885991300757,251.45832577033198,189859.84893309,0.111084953104051
2855,120,0.5848995282240048,284.35890818304694,115223.464250833,0.0152025575319052
2856,120,0.4784213895610752,196.73281616927784,18053.3193001626,0.637940393352859
2857,120,0.5129503317702531,54.38035286063294,4040.43815492634,0.573100390473129
2858,120,0.8572675456900856,71.23723433131858,0.0578995363184145,0.994013055591157
2859,120,0.9035837631210633,121.54351783614277,0.0554603579766396,0.997147104296215
2860,120,0.6414067827410153,73.97852594183802,739.893290496551,0.926843378883665
2861,120,0.6338905341689204,144.14506585078604,4095.08294745494,0.934749723156652
2862,120,0.5491436803356063,150.20510934470082,4095.46123773633,0.93086631023922
2863,120,0.33343697409,97.41157842265847,724.40835868112,0.991267726531037
2864,120,0.8603841431052118,145.0967355973758,8684.19657058062,0.627461510687645
2865,120,0.7720298549896649,306.0117992336701,74300.8459477497,0.625463212281435
2866,120,0.6081828909548921,222.39769259833605,0.478410596411777,0.997726370961655
2867,120,0.8281945184273101,163.90378115944299,0.330426271681063,0.991401661020406
2868,120,1.0,522.2294880133446,608965.795623675,0.0
2869,120,0.9191706412303933,76.99746467825797,0.093644125920946,0.985623914728754
2870,120,0.5721885807145622,97.03032216075971,13939.0641226062,0.443050136070784
2871,120,0.7125652462624845,116.23770340907053,41851.9407887347,0.282098647213205
2872,120,0.9020031525862183,69.92417249295642,0.0419306945324252,0.991706381615016
2873,120,0.3828363876879308,79.6711381836218,27323.2326233478,0.634272259805864
2874,120,0.33485319553084925,172.43590458697503,1771.47049754002,0.786477174805694
2875,120,0.7011805491440941,171.30992512436296,133298.91300064,0.232693902382391
2876,120,0.6499152303164194,275.9937187540582,132667.622099577,0.0494418432437575
2877,120,0.3482035265752562,102.14138219535518,50498.6944363615,0.376804486479506
2878,120,0.5185632279033412,204.6915924072351,88496.3518043864,0.379442503745378
2879,120,0.44139761313088405,236.4999020888943,122375.946941961,0.333014490084325
2880,120,0.5508063819594388,195.76904154441323,48341.6172244459,0.327671187904857
2881,120,0.30990351556402723,237.10648107219626,48341.584799227,0.367715816952317
2882,120,0.3741628621035563,261.57799109118184,30185.3401289357,0.566013424739682
2883,120,0.7958846140292279,176.89367608662565,17442.4366118782,0.453455734014409
2884,120,0.7824046915884275,121.4194636982549,66390.2188230118,0.446409552416199
2885,120,0.5576296351351875,123.66032573564702,15577.7150119767,0.0361819586263693
2886,120,0.4328332470738198,213.74972113749416,4791.07220129096,0.0
2888,120,0.33486881233197296,1001.9254107643518,291005.463181609,0.492899914503126
2889,120,0.324219934832139,89.922357269899,562.584659361886,0.861686661688816
2890,120,0.3340921988020569,167.7170517984479,100963.525160227,0.168351655304109
2891,120,0.5238467697892457,139.3944187354879,55001.5909276971,0.244458355773177
2892,120,0.29831194448671255,94.70774654786807,38415.8699237469,0.585854845944104
2893,120,0.20582245746277178,120.05642085236772,16314.5935096758,0.424488777492029
2894,120,0.51721764555883,91.16232359521456,48669.7465836509,0.624105753973096
2895,120,1.0000000000000002,197.40904011940245,94990.6021356117,0.237750560614381
2896,120,0.8287955658660017,147.80618986239242,54134.1572514492,0.690689290959397
2897,120,0.35238986611356704,170.2308178850632,194.534437647793,0.952202783187936
2898,120,0.5162125281274657,139.60786239172208,108.310925409214,0.983161223799784
2899,120,0.369920222496043,122.60055208150425,17837.6889129269,0.834318916819083
2900,120,0.191007375130429,144.87312734777007,9868.29638130127,0.827954997793378
2901,120,0.14417821661905397,156.54181655790876,8539.06239709451,0.820218592202071
2903,120,0.9417849688330651,116.85627703928051,72291.8145150521,0.529249594564451
2904,120,0.39144945761269206,120.78371473709878,69402.2244203816,0.584342169771125
2905,120,0.6669048482849871,125.44880085453241,69401.2817478447,0.540902007613232
2906,120,0.36000000000000015,342.9485340824691,1237.87713593358,0.197313976051058
2907,120,0.2001559774929272,147.17410924086138,1393.37226297691,0.374520640670687
2908,120,0.28472938151044247,173.88100512274352,3070.01988832856,0.539464035652732
2909,120,0.23556383701972336,127.38834588595044,68905.8664854827,0.478110293388266
2910,120,0.9693321344151499,88.12080580946512,0.0330614283538822,0.994915945003301
2911,120,0.9100382309154882,123.02027432851766,31955.4223897701,0.511956832417131
2912,120,0.6413567582715124,74.91614659549309,0.407011383089412,0.987730477012075
2913,120,0.5793296982813441,108.9731540679194,19511.6597188166,0.646291534032885
2914,120,0.9304181348028279,170.2983381560815,13561.0778039077,0.437658976180523
2915,120,1.0,115.74826953795575,7072.81644495781,0.65024029199797
2916,120,0.8289280120214746,66.74186838224715,7238.56249754787,0.846950120539586
2917,120,0.3967372327286486,102.57938073748409,7238.56208580673,0.8884989927133
2918,120,0.3432265683849519,134.82424538620148,413.769291080554,0.904360330056824
2919,120,0.23706754307033778,83.16726622877052,34578.2915423365,0.399964655721868
2920,120,0.9058913620006535,55.69789584704757,0.124041399357111,0.969066872489534
2921,120,0.27144678753123347,179.4471854743945,45684.7970424701,0.451631294787096
2922,120,0.2828094416302032,158.86864442628072,45485.3599033031,0.385927964694084
2923,120,0.5866615830236271,68.90381452654701,9304.71141711976,0.189155460312766
2924,120,0.19877429183346682,126.15046941863926,79.4871639234143,0.235214395713112
2925,120,0.970666261787328,144.50797466518006,1819.39218769976,0.267480098108874
2926,120,0.6014931846351649,181.10367844912668,96.7740311956321,0.986536797573044
2927,120,0.39494930242237364,121.27492406920577,106701.458211916,0.388054821683964
2928,120,0.33552939402825066,135.62317596261235,106702.369540515,0.381583868482063
2929,150,0.15055820480226673,131.16765404690642,11388.7530317252,0.754572069450708
2930,150,0.3741565965196677,168.72933913778763,14424.3257205935,0.791469717012188
2931,150,0.4289552780532063,223.99473082161143,37828.6347995593,0.271066019898652
2933,150,0.4307997318110718,73.76618064746688,1431.27304991024,0.877401124619656
2934,150,0.47649284332241426,19.90142412680329,4.27403925136797,0.990092541158495
2935,150,0.15822106416398227,71.35222143859293,442.108141800549,0.929917718159822
2936,150,1.0,88.36488964521672,581.789679144147,0.946589099647145
2937,150,0.3322350354536818,20.707209406931753,802.282749074119,0.954025938772163
2938,150,0.2515179464256323,111.10979009232071,42104.4089147668,0.628389949990117
2939,150,0.26463117067458036,113.78775046113412,4432.4284847863,0.478529888220865
2940,150,0.9575258907097055,121.96253564822405,7629.57291712041,0.872975396784331
2941,150,0.9276529688681168,186.55340841677133,11327.0124977817,0.680895183480892
2942,150,1.0,199.2453122384588,2067.61454918232,0.732289548684723
2943,150,0.6828567636790115,194.9651752962041,5967.07972049247,0.839372829293995
2944,150,0.5332121143072976,98.48401380926556,0.0115923743178145,0.987513293760744
2947,150,0.2460272329852493,406.3939328985208,27828.1264452058,0.0229913577131128
2948,150,0.37006411340626466,451.1389477187307,22391.2189635088,0.0138428348600228
2949,150,0.2381625446600742,116.62879034007588,1.16639983212314,0.99016124516584
2950,150,0.3389616080740249,173.12280850549004,50774.8166539574,0.184744075205722
2951,150,0.9010324723789952,417.61784182707913,60091.8912801201,0.18608206854419
2953,150,0.27424285398603054,87.0634507231899,161.77279511057,0.997576016362532
2954,150,0.21581252278781624,63.6876689358559,6855.55786587644,0.668292706992303
2955,150,0.26399607867370245,80.25292683857536,811.897795773359,0.817631672487699
2956,150,0.429836583689171,176.33682912175917,45667.532045432,0.558295748711459
2957,150,0.9999999999999999,62.96325039949267,30877.464091143,0.635492414513593
2958,150,0.6036517057242672,117.56951805175251,95508.3470233242,0.29457397320575
2959,150,0.5592261641636469,128.16857639719916,95829.8514843951,0.364803981948235
2960,150,0.36000000000000015,428.32108933168826,27896.4794849431,0.0
2961,150,0.4100000000000002,587.1266848260623,31621.4701172324,0.0
2962,150,0.5264328326298107,92.77144865118824,51231.265247956,0.430310287179606
2963,150,0.6782971417505687,157.78501055536066,15774.6990845035,0.81000005213415
2964,150,0.17039165073023024,114.79240427568111,16690.7651557024,0.625795602817375
2965,150,0.9440370434662919,157.65919532860792,134078.439132807,0.264658197899497
2966,150,0.716671723040157,259.41125452876236,133265.62655288,0.262617215943724
2967,150,1.0,143.6292746942564,113888.035557237,0.525062521358082
2968,150,1.0,220.23723027330038,318731.39512999,0.0136501639882314
2969,150,0.9999657589436484,36.274310403591286,0.0779496937467847,0.99490493730015
2970,150,0.7400000000000004,914.3028805827586,21428.7851529276,0.0
2971,150,0.8800000000000006,873.8345294654689,32195.6349479725,0.0
2972,150,0.24956174452503083,133.85167904911992,49657.7392486347,0.769017643088827
2973,150,0.2504018160676061,205.01590964155332,15199.2276263996,0.532031347377214
2974,150,0.9574240513460358,72.08777695866164,0.0679158144945085,1.0
2975,150,0.7227945799336176,221.45833168546588,144697.962382084,0.384862607461763
2976,150,1.0000000000000002,104.86283352040141,0.104092727379523,0.998656933256514
2977,150,0.2677262053029419,217.99728304135857,9161.73651263032,0.110889551579742
2978,150,0.5126161214861866,226.3111016565141,67915.2721896495,0.670600636431686
2979,150,0.4913138950107191,86.13955684879978,0.142660296892819,0.993053001966232
2980,150,0.4950369632692579,98.26390297229644,25154.4695920425,0.821942775650271
2981,150,0.6000000000000003,542.553102455801,1415.9812566082,0.0
2982,150,0.50635711333798,213.5762642690965,117351.986463031,0.269346773122698
2983,150,0.2178291736942909,197.0138255636164,63369.5956478439,0.640168056473578
2984,150,0.6828457473580775,295.05124554230446,295012.733018508,0.142269288936465
2985,150,0.3257901351922076,274.3097366964082,357039.601908907,0.0
2986,150,0.612727486197059,222.09515465687463,225192.965847237,0.14635188284279
2987,150,0.5059324875216233,257.03103150359163,44300.0565948342,0.173876966998391
2988,150,0.41549237535854433,146.57514539865886,80450.8496824509,0.361390783573059
2989,150,0.9645728203528103,191.59959439017373,0.0211407143131055,0.984843158781806
2990,150,0.3083204412122805,172.7483226988107,17541.0866181203,0.789282697186888
2991,150,0.24921581370358722,169.83107062653755,19018.5252285684,0.741629935280848
2992,150,0.8214888871734098,159.63712722150757,74815.4450917733,0.54276495327746
2993,150,0.43285784670466904,212.11945796328206,9.78791988763987,0.882993572580593
2994,150,1.0,75.6258171093726,12060.2869690042,0.873015461036516
2995,150,0.5497797695522278,158.55134792582055,65119.4237584385,0.8828703478277
2996,150,0.9281124426515046,36.9674921310312,74.6142668169307,0.979661141899813
2997,150,0.842125062739474,57.476231755770826,16.4277135535046,0.958688275699612
2998,150,0.5322567481277795,240.07061150600603,75722.2384956966,0.572830563126937
2999,150,0.5133731906749136,321.9238759327462,9151.08680019375,0.8448661387596
3000,150,1.0,258.608170703984,17878.0652838199,0.861716934298265
3001,150,0.5200000000000002,948.5023144321813,446348.872573579,0.00511424273077508
3002,150,0.9999999999999999,299.2951793559236,303262.637777703,0.431176855651965
3003,150,0.5632447784868011,378.7338184242018,353115.270927551,0.189288176365349
3004,150,0.7629832364686958,167.5996770605724,57078.9246145267,0.364547280944079
3005,150,0.6063674385102644,232.51678524839704,151813.169754691,0.228290521340933
3006,150,0.28977933825812574,98.3494035172297,26373.6178718451,0.4866305103169
3007,150,0.39842858717998464,84.42473856386627,27730.1606307469,0.400423472170756
3008,150,0.41566089416552754,158.81653750040292,91351.8981013538,0.322931243454405
3009,150,0.5728758630336571,345.97077483901717,269379.009310132,0.172054539261406
3010,150,0.3565085631268681,135.6563713311884,64916.2063721736,0.556830615097576
3011,150,0.9898559115963901,352.3862353398703,23384.3149526233,0.672136910027219
3012,150,0.5087456868095824,151.98267776383344,2548.73122752636,0.780637061875304
3013,150,0.5316175783028003,359.8645697184307,232603.482589263,0.0654005205398868
3014,150,0.40126368158824,141.37083277304265,25078.2926274785,0.181793760309925
3015,150,0.7501357449268826,115.79852519131059,0.0320328012749087,0.98786070276324
3016,150,0.5749130215995688,163.59884105913292,0.0559597374631267,0.995753290567157
3017,150,0.5801229469732805,310.1206676136227,313247.130663214,0.0511068269142966
3018,150,0.9955291523562149,196.0269839809613,203919.210333231,0.0624981726180774
3019,150,0.34260721202415434,204.12920071045278,179669.652790851,0.0894554884515535
3020,150,0.37693070832126985,232.12055721853662,195651.795266114,0.140963263218717
3021,150,0.9014648649455135,187.8011095147578,116438.353242798,0.22565056204943
3022,150,0.8742896618395856,273.3250008696629,239160.041748894,0.146324437251266
3023,150,0.30237203913442606,146.50364387860884,111216.306257065,0.0471660268749539
3024,150,0.19950090875978438,117.63347560124846,90654.8531420254,0.225606831452049
3025,150,0.21554410517885464,119.1851001681483,90654.8577940081,0.321087642872969
3026,150,0.16719372340031338,138.52564758615702,90654.8627331759,0.400883323683809
3027,150,0.4117325272957808,173.6008718080078,36324.6166951832,0.772976579755593
3028,150,0.9873887123789432,392.3228094270546,570992.160230847,0.0
3029,150,0.21091300282204659,246.30408898361776,292880.562949057,0.251843881102618
3030,150,0.29232476026470144,296.32216406832265,280010.488953594,0.280946497824616
3031,150,0.5783712001941897,332.65446442017526,234364.548696087,0.417433569355892
3032,150,0.9829350109672264,290.2019067016551,189766.989917217,0.365482114602894
3033,150,0.6419269577349787,235.23009848185433,189766.972469018,0.298526799576675
3034,150,0.43392290546803963,254.6256878168483,190418.99169035,0.118721867069606
3035,150,0.8135876245432443,241.53049286358421,192406.176549587,0.199093083243042
3036,150,0.8500000000000005,538.9118117462157,60541.7575249002,0.0
3037,150,0.9977856590452219,106.42748337319439,30108.3980761289,0.399367133424881
3038,150,0.8337983202020125,146.55769618077224,28062.4675574381,0.160774971751566
3039,150,0.8361138262905005,115.00261665845119,9426.28418518393,0.608699600427576
3040,150,0.35598193051491256,128.68537205401591,48581.5296759804,0.460355263360962
3041,150,1.0,80.56514764121751,0.0794952971599424,0.994320897882447
3042,150,1.0,108.99174565883173,0.108437858158991,0.995207853712025
3043,150,0.9999999999999999,97.84936969827616,0.191661719068953,0.988284986029809
3044,150,0.29546911320414,57.91588734998564,0.0848225620197827,0.964732222963471
3045,150,0.3662678851097223,93.98404245551855,0.0896143777867344,0.997307507072567
3046,150,0.20248247606933203,241.87045241818544,0.0855427679634886,0.952230002748269
3047,150,0.543759190766672,332.98176674734174,78581.5798423435,0.587226259910054
3048,150,0.5793827673201426,305.6457272076533,74299.6595538274,0.722916783464169
3049,150,1.0,249.97052000885785,74301.1514066088,0.745320600176114
3050,150,0.46000000000000024,593.9874218783094,57637.6750843425,0.0
3051,150,0.5118847286272621,233.85744192629215,24643.8171945286,0.388097250287013
3052,150,0.2427866709642545,337.0827934404122,1312.83534542957,0.866254684261014
3053,150,0.9999999999999999,172.53649139295896,133404.381440882,0.355640677582432
3054,150,0.42060908351812554,176.6396006875638,134948.218413572,0.342930656890526
3055,150,0.27840409230107865,219.25721010011182,132562.921209545,0.23406121675126
3056,150,0.4333587469570745,206.8912425279832,73213.5435993793,0.24657628620624
3057,150,0.2006506858669606,283.8464013957576,163918.06813628,0.0465046524448049
3058,150,0.4381870495223741,312.55380332852883,30185.3401289357,0.566013424739682
3059,150,0.4993165314647075,209.70533710777028,87401.3467669283,0.33608127347928
3060,150,0.4794933109162039,275.71925409951746,383227.401387416,0.149669962153919
3061,150,0.3213749669150933,276.28661704323196,381304.316064569,0.13801410828565
3062,150,0.43479903164823663,100.11780588733608,55651.0353528958,0.410904071637981
3063,150,0.8545820550659414,223.43892985370493,917.065062625952,0.680984714442563
3064,150,0.4689148806814621,251.46736097475778,8697.08390692396,0.223961492325658
3065,150,0.2730236847479821,194.54909364874092,15779.0704483631,0.0246819527597394
3067,150,0.5822545840052248,218.6809143943113,635.949617845655,0.971373121178833
3068,150,0.9971956529913334,96.76639918327263,8421.98039209462,0.818656363618105
3069,150,0.9697431117034238,113.42497722747547,8528.07440461004,0.629848896565017
3070,150,0.2826107665764052,128.57873414147332,1739.50804672407,0.803403616775279
3071,150,0.25136610468805065,505.4981031708249,438337.792818314,0.0
3072,150,0.9391333618864375,212.99163411922473,135567.591684282,0.351763027108168
3073,150,0.272601086336588,330.6088617420194,286584.391141257,0.0
3074,150,0.7325224331213018,150.83996847041655,118093.918698947,0.217062211023729
3075,150,0.6889803811190156,92.30093742438491,48752.0380012435,0.686026923037211
3076,150,0.158867842471501,106.80754782183574,39903.768155345,0.695617983943014
3077,150,0.3974854291253383,94.15731887022008,0.0156962159622367,0.952714021973471
3078,150,0.27151145237672913,91.71085005569054,8855.89040823084,0.257915272751274
3079,150,0.9948341341771114,96.36854750133293,31622.06148592,0.695366158940727
3080,150,0.5206445969960241,136.96834682963834,59136.3687528696,0.635654492056891
3081,150,0.30029611524236477,156.81658472841565,54134.1349180866,0.729455398760327
3082,150,0.6904855593211224,303.8532795123283,54258.2912575577,0.769750111632045
3083,150,0.3739780468843118,161.21772239821533,6439.01651610456,0.889064314139631
3084,150,0.4884025837252235,144.46996177952175,101189.980912731,0.547525329648041
3085,180,0.84967763931078,304.5830893575857,706.86513338439,0.997181522383735
3086,180,0.1854659154894561,183.05074901290573,15548.8743941856,0.760520305657558
3088,180,0.430969209333459,22.421376402743515,1371.81414202168,0.971236017908097
3089,180,0.24090114208386249,81.90797774012644,795.224411487884,0.966715059961758
3090,180,0.5260872599335702,182.35307294409378,0.0646575803329368,0.992164304354494
3091,180,0.3426474768279817,135.93493777867855,40272.5062726456,0.59391951221361
3092,180,0.2920324265232181,167.0599157691004,7629.52547193953,0.908439382792743
3093,180,0.9999999999999994,169.49680926458558,85425.9232043154,0.326033681997324
3094,180,0.5300000000000002,614.3117868966239,1794.51940657476,0.0
3095,180,1.0,207.49383038955176,1919.22628995629,0.774524399174415
3096,180,0.7600000000000005,710.6602733351859,1717.63194640278,0.0
3097,180,1.0,183.54606886179596,0.0132341223106778,0.98648948255999
3098,180,0.36051570589638565,111.1302370361321,5966.79887921439,0.866753900017934
3100,180,0.4003752877022958,222.01475251410417,40313.1872478917,0.207724256353821
3101,180,0.627985312351732,202.9137687615409,50796.5547161394,0.193938558231226
3102,180,0.35373639767414344,200.80554022184432,51568.580651603,0.188264155051836
3103,180,0.9152844099600452,208.65325549531917,1.06505852631465,0.991223525747245
3104,180,0.4961434915263849,103.64045715523012,9055.24669930258,0.865331160691764
3105,180,0.39031035316997276,75.00522998853582,14936.4362251395,0.796331207879704
3106,180,0.4633544030946468,80.94073842229328,45813.8490318683,0.529227222739958
3107,180,0.3556762325060649,116.30307207817563,45150.148900116,0.528497995170077
3108,180,0.3310621707124826,186.6053634805023,45053.4352400311,0.557737877141788
3109,180,0.9388400078897084,135.38426835144355,105775.514194436,0.364066210324638
3110,180,0.3433336785333431,167.45382693238548,28617.3144815421,0.662820020981629
3111,180,0.21478203073923746,142.77421545958424,28892.092416116,0.58377362740332
3112,180,1.0,86.76697400629287,51267.2222061369,0.419165691375919
3113,180,0.9999999999999998,97.5635977540842,51248.5950537264,0.422735506509568
3115,180,0.9252436615577803,282.52822166959453,21682.4978872102,0.779122718712977
3116,180,0.22194273792106073,151.2166924766549,209679.342540766,0.141925178381541
3117,180,0.5973893194545898,94.03268517712011,0.0549259853395512,0.996998268549743
3118,180,0.7924843709291662,202.81884565145862,132088.223605595,0.373282490393688
3119,180,0.5373008918158274,226.34404905607525,340799.736116969,0.0126334204877254
3120,180,0.9999999999999999,46.84014376659359,0.0892740356213544,0.99205177768382
3121,180,1.0000000000000002,72.62568445620593,0.113617059071204,0.994975809074262
3122,180,0.7600000000000005,1108.4572271508127,146232.893574103,0.0
3123,180,0.3785784789553416,248.67345987224672,194354.644337962,0.307224960654359
3124,180,0.8045041843842428,71.45959493817256,0.0955586439902056,0.997375937600126
3125,180,0.8867625323635959,187.95765716824917,175288.255047705,0.381454276302459
3126,180,0.9997839966284058,79.281803416427,0.105407050775014,1.0
3127,180,0.2693555772119307,194.7864549336864,144787.214709812,0.514839484183014
3129,180,0.4502638388811093,147.7414903363207,161725.245078679,0.427146079203499
3130,180,0.3560128808496418,177.7361093466905,43715.1335502964,0.57486833629444
3131,180,0.45400882983791435,143.83105861617767,101525.806156859,0.507751938456946
3132,180,0.3468681100334585,323.092073918593,364630.460867959,0.265213218164093
3133,180,0.7783495877923725,116.79502864900194,0.0140236302656831,0.994653260696536
3134,180,0.33345145986018243,207.74520655388312,63369.6080391153,0.696191673232404
3135,180,0.2781950424232881,271.35984895424576,357008.048953446,0.043126130897352
3136,180,0.8318554928127737,294.5417376769257,390590.530921164,0.0
3137,180,0.7172564492390746,242.1726483309198,19115.6012170718,0.125754988186059
3138,180,1.0,316.70788155501134,44490.0632309741,0.1525573769925
3139,180,0.25766198427772263,259.350655453914,111702.658274418,0.321241781788654
3140,180,0.937002353439461,289.38568795490403,0.02114479267766,0.985810811504739
3141,180,0.42520676748185676,353.64759306340534,65445.8177002143,0.215087057489617
3142,180,0.44117915041948297,195.8822619030907,0.0217366746885546,0.994273671864667
3143,180,0.7200000000000004,1211.6233707591573,9710.43826245426,0.0
3144,180,0.3107139704416291,162.90686092039704,121575.756780413,0.454306023203047
3145,180,0.6677205748908284,89.26211231394281,68761.6461933991,0.550662810201071
3146,180,0.30834188583356,151.16080130280855,74387.7334102067,0.636436682803441
3147,180,0.21184490159499803,282.37277152122044,285.641805502648,0.983866336679354
3148,180,0.9081253977469231,242.86827399309664,12064.6273770605,0.84941314105399
3149,180,0.456086358313463,212.50744442534605,12162.6091202423,0.75918477892785
3150,180,0.8304111878292899,38.72870890155996,0.0253577577566375,0.982996596489339
3151,180,0.3088459917042014,179.4796667525532,98.7936111192432,0.959360214398348
3152,180,0.11027894958317705,264.0104279952358,11045.0462467145,0.808003097797139
3153,180,1.0,317.0058521822067,0.318998949253498,0.984797589802855
3154,180,0.6300000000000003,1147.6203994581017,339032.116898036,0.0044421048445903
3155,180,0.5504317010397161,239.90314184930293,191732.878991487,0.161520378058323
3156,180,0.44119365379186104,379.1766813678105,412751.447111384,0.0
3157,180,0.13998625351064026,376.85670559756136,504644.028712432,0.0
3158,180,0.5122211342254849,260.5127887446436,302633.892453539,0.0333159649684868
3159,180,0.8684817605816004,269.5985372747024,286024.437375491,0.080620046833153
3160,180,0.38448439427422654,270.9062314686722,297169.942822044,0.228539066964527
3161,180,1.0,161.70748199122843,0.0101246891866715,0.991238125760506
3162,180,0.24093911867657097,160.84798561518247,0.00842177762842766,0.992034086021135
3163,180,0.8248473043208161,195.10974132488153,149532.094290908,0.548690681090705
3164,180,0.313895212241337,363.5950038107701,144733.269597823,0.427945888570713
3165,180,0.36000000000000015,1209.002428966584,316668.570567837,0.0
3166,180,0.5015664155814363,261.469892811399,109161.275748993,0.237943923136158
3167,180,0.9749899644888311,181.61617669950476,54624.9026711493,0.540235114122768
3168,180,0.5694673081636574,292.458647155526,313247.131441609,0.194899693196548
3169,180,0.9992421003681962,230.9103272297746,276568.246422715,0.0
3170,180,0.2912984834474207,318.9649269348563,389370.519729596,0.0447907920438655
3171,180,0.49709686831296696,319.5768859356732,348414.137381721,0.0617673278628475
3172,180,0.8091209986285368,246.15650619619333,267193.019602997,0.195189693017106
3173,180,0.42275529407017814,256.6638938638698,253664.866415141,0.118632194053005
3174,180,0.20913651412036213,116.14048009338775,90654.8627441706,0.406257879387604
3175,180,0.29311371859734003,113.5765750433566,90654.8627414371,0.406719714037863
3176,180,0.8400000000000005,699.1918614726584,3229.34094565876,0.0
3177,180,0.4364466114644646,369.7917251596872,565375.142061186,0.0
3178,180,0.3013502350754234,403.7019606085223,537544.606248894,0.150482555389192
3179,180,0.5259689752934287,88.86098723243363,0.167065075867868,0.989370909287457
3180,180,0.5892619696178991,98.35956103490327,0.154954837118567,0.987971159353783
3181,180,0.559622524772293,315.93785545763126,468897.758881687,0.183523704133564
3182,180,0.6697051092033455,237.49960634926947,189766.993084659,0.361971544040884
3183,180,0.6780273855659691,239.1020283064026,178189.57973156,0.22260451159477
3184,180,0.9823832862395935,246.1057666607266,192290.901590893,0.14754603830627
3185,180,0.6056056033003174,284.27469346359464,192268.75923348,0.15512387682264
3186,180,0.8100000000000005,553.0029295041871,75229.4632870472,0.0
3187,180,0.6560718843258236,105.92126450599169,9425.21324362755,0.687249763299766
3188,180,0.8722268248273366,122.9300501967939,9929.62522574169,0.666055386571915
3189,180,0.4447963642714186,125.98656367487105,16209.3329601052,0.513731759341647
3190,180,0.7437075734144921,117.35306756097052,44717.4480980646,0.505549157039488
3191,180,0.5611461231095425,134.58517758541007,48090.6389213527,0.542973280010949
3192,180,0.5900000000000003,1313.2432435259827,108510.948290064,0.0
3193,180,0.6300000000000003,1142.6777784260037,57132.9524414288,0.0
3194,180,0.7316277860856635,255.08046143955346,253462.083003604,0.390206301278026
3195,180,0.7400000000000004,1268.9656874139232,139705.044535332,0.0
3196,180,1.0000000000000002,120.12094135233659,2641.38169502506,0.934108033142708
3197,180,0.4045408772024098,135.4171313823006,4095.47351903072,0.948839201571783
3198,180,0.8200000000000005,1275.0129670517651,38684.3666122669,0.0304691429099783
3199,180,0.5448584553042233,94.37833829693737,3371.48871382572,0.938814011627118
3200,180,0.2987612863321879,156.60581034479208,0.0848235551297893,0.966668721526478
3201,180,0.4601053637545237,183.45296748001442,0.0896127449098136,0.991289507274759
3202,180,0.4115912438072999,256.2823565834858,269.017114940638,0.398795421660261
3203,180,0.8902572454056897,342.21132660835605,74084.8219123882,0.729570538511067
3204,180,0.9614906887806671,444.7405401688627,669161.983455062,0.0
3205,180,0.8604594467023582,454.1990682061929,669161.983455326,0.0
3206,180,0.22442860114121488,465.44571965320284,664567.02979998,0.0722291709434961
3207,180,0.9975337775659537,153.3708302859797,0.178623068224624,0.988112080293771
3208,180,0.6400000000000003,396.76266496869016,11616.9976778448,0.0
3209,180,0.34381408940512637,198.21099981748037,134899.279963494,0.343117676365741
3210,180,1.0,113.45949052744535,0.0853262644050119,0.985669588786508
3211,180,0.26852969215185246,172.79929072562874,36126.5951143094,0.551179208079395
3213,180,0.5685402220520634,230.06505352885566,112415.904077047,0.32855821000433
3214,180,0.8540628203085271,318.28209535864585,12410.4137678306,0.361519138399494
3215,180,0.4083014616043981,415.89378830415023,114493.630324344,0.289752356088574
3216,180,0.5050230249884534,223.15112929712257,39483.863557245,0.454525065277753
3217,180,0.39558619849538146,212.48498401592173,39465.5515874358,0.455802992721969
3218,180,0.5119587130353832,317.1155887284172,315579.249023127,0.0689329175586147
3219,180,0.5374014722197197,266.16262412303865,382169.861672616,0.24770850002219
3220,180,0.6309893097469161,316.7808461628478,0.021668760339594,0.997753664433945
3221,180,0.6777633457576584,295.81608720189956,0.0216708792148665,0.997449792297114
3222,180,0.2849998805225563,160.48420143978538,8653.14952237739,0.225084234734957
3223,180,0.37944290956061477,198.1283434681385,51839.9569600215,0.0109793550525477
3225,180,0.2767476915442537,391.35890533350954,799.781496477006,0.972206552832332
3226,180,0.9700000000000006,455.250543248049,98683.8384165207,0.0
3227,180,0.5064964560581305,249.50984917206077,745.848293878387,0.524132590946503
3228,180,0.5405436132625515,184.50327024503537,8823.45474673094,0.403390074990131
3229,180,0.9999999999999999,109.99055292593204,0.0497248031480693,0.999068061820166
3230,180,0.5008550202059869,455.5683670519781,438337.79296995,0.188934643368332
3231,180,0.5000362269638572,188.5529225002795,49841.9939250999,0.208969252516496
3232,180,0.23772610946100897,293.0650411819412,268001.257625053,0.230609697882977
3233,180,0.2545954715821991,139.20301144973578,7166.65757130037,0.385481803178016
3234,180,0.3963896723317952,109.46855345866241,5637.10839870229,0.472108498651088
3235,180,0.5541469297796513,171.66588999754413,14426.6259147966,0.294517746205571
3236,180,0.6966142770033983,100.77471144524579,0.0178886110813039,0.964327472064859
3237,180,0.35463950190337656,134.42733600993975,55154.1084412843,0.374593263280247
3238,180,0.33739408514432556,218.20222142134463,18102.0242794017,0.830652995800171
3239,180,1.0000000000000004,198.67737967665488,39523.1335397689,0.649066203966313
3240,180,0.5200000000000002,636.4153005167007,44216.294996435,0.00580569002398784
3241,180,0.9999999986754222,219.8862261630583,125612.397401148,0.174314730139172
